Experiment Phase,Preprocessing Version,Scenario ID,Scenario Name,Sector Filter,Revenue Minimum,Revenue Maximum,N Companies,Method,Seed,K,Epochs Trained,Validation Reconstruction Loss,Native Evaluation Space,Common Evaluation Space,Silhouette Score,Davies-Bouldin Index,Calinski-Harabasz Score,Common-Space Silhouette Score,Common-Space Davies-Bouldin Index,Common-Space Calinski-Harabasz Score,Smallest Cluster,Largest Cluster
Canonical cross-cohort robustness,scenario_pipeline_v3_economic_validity,technology_revenue_25m,Technology companies with revenue >= $25M,Technology,25000000,inf,587,Autoencoder + K-Means,42,4,300,0.21884678304195404,Autoencoder latent-3,Scenario-specific scaled KPI-8,0.4553225636482239,0.8666880743994567,529.1893205998856,0.20121062447974447,1.778779041767471,151.30626483180012,54,359
Canonical cross-cohort robustness,scenario_pipeline_v3_economic_validity,technology_revenue_25m,Technology companies with revenue >= $25M,Technology,25000000,inf,587,Autoencoder + K-Means,456,4,146,0.29872092604637146,Autoencoder latent-3,Scenario-specific scaled KPI-8,0.46448761224746704,0.8292771326581848,651.2595992962837,0.20740410412446494,1.6288815883008518,139.07422217986314,54,347
Canonical cross-cohort robustness,scenario_pipeline_v3_economic_validity,technology_revenue_25m,Technology companies with revenue >= $25M,Technology,25000000,inf,587,Autoencoder + K-Means,2026,4,191,0.1965540051460266,Autoencoder latent-3,Scenario-specific scaled KPI-8,0.483874648809433,0.9425405231781798,530.3607440407837,0.24791835671271936,1.5001464173367265,157.16340038667497,47,394
Canonical cross-cohort robustness,scenario_pipeline_v3_economic_validity,healthcare_revenue_50m,Healthcare companies with revenue >= $50M,Healthcare,50000000,inf,444,Autoencoder + K-Means,42,4,153,0.11069608479738235,Autoencoder latent-3,Scenario-specific scaled KPI-8,0.4328080713748932,0.9260486614849992,601.0593583304936,0.23515498841936996,1.9113211934752972,177.48179010027212,45,214
Canonical cross-cohort robustness,scenario_pipeline_v3_economic_validity,healthcare_revenue_50m,Healthcare companies with revenue >= $50M,Healthcare,50000000,inf,444,Autoencoder + K-Means,456,4,209,0.1134895607829094,Autoencoder latent-3,Scenario-specific scaled KPI-8,0.4767044484615326,0.7902884292753878,542.8266513959427,0.23534942475270387,1.6851984433330933,190.00079252645753,39,253
Canonical cross-cohort robustness,scenario_pipeline_v3_economic_validity,healthcare_revenue_50m,Healthcare companies with revenue >= $50M,Healthcare,50000000,inf,444,Autoencoder + K-Means,2026,4,300,0.10491238534450531,Autoencoder latent-3,Scenario-specific scaled KPI-8,0.4505304992198944,0.8037212437961945,666.4509493479087,0.28542245225295293,1.2984260427861396,222.8084717384906,54,233
Canonical cross-cohort robustness,scenario_pipeline_v3_economic_validity,industrials_revenue_20m,Industrials companies with revenue >= $20M,Industrials,20000000,inf,565,Autoencoder + K-Means,42,4,300,0.20564502477645874,Autoencoder latent-3,Scenario-specific scaled KPI-8,0.5912637710571289,0.7590987807313996,477.5849209194206,0.3678947799263864,1.2750862665593645,194.91808121588565,27,438
Canonical cross-cohort robustness,scenario_pipeline_v3_economic_validity,industrials_revenue_20m,Industrials companies with revenue >= $20M,Industrials,20000000,inf,565,Autoencoder + K-Means,456,4,300,0.2155967652797699,Autoencoder latent-3,Scenario-specific scaled KPI-8,0.4417591989040375,0.8231701239768043,687.4073786781661,0.20507659013254986,1.8843281950483362,188.11368932961486,40,310
Canonical cross-cohort robustness,scenario_pipeline_v3_economic_validity,industrials_revenue_20m,Industrials companies with revenue >= $20M,Industrials,20000000,inf,565,Autoencoder + K-Means,2026,4,227,0.21283583343029022,Autoencoder latent-3,Scenario-specific scaled KPI-8,0.5322000980377197,0.7659270893295299,792.9217757168083,0.3089708979543929,1.4557460558911821,225.67932981341937,48,373
Canonical cross-cohort robustness,scenario_pipeline_v3_economic_validity,consumer_cyclical_revenue_20m,Consumer Cyclical companies with revenue >= $20M,Consumer Cyclical,20000000,inf,470,Autoencoder + K-Means,42,4,300,0.173470601439476,Autoencoder latent-3,Scenario-specific scaled KPI-8,0.3863360583782196,1.099834816724386,366.0155427778198,0.22645182554886595,1.6126988533841609,145.6716340688727,35,279
Canonical cross-cohort robustness,scenario_pipeline_v3_economic_validity,consumer_cyclical_revenue_20m,Consumer Cyclical companies with revenue >= $20M,Consumer Cyclical,20000000,inf,470,Autoencoder + K-Means,456,4,297,0.2255544811487198,Autoencoder latent-3,Scenario-specific scaled KPI-8,0.3875444531440735,0.8736339982846686,751.7564947293505,0.12218636847169524,2.1155999074322533,101.55616560309392,34,197
Canonical cross-cohort robustness,scenario_pipeline_v3_economic_validity,consumer_cyclical_revenue_20m,Consumer Cyclical companies with revenue >= $20M,Consumer Cyclical,20000000,inf,470,Autoencoder + K-Means,2026,4,300,0.2551373839378357,Autoencoder latent-3,Scenario-specific scaled KPI-8,0.4584876298904419,0.7930947407448498,586.9929247392948,0.23303513813514615,1.407009156607975,162.95368340421783,40,273
Canonical cross-cohort robustness,scenario_pipeline_v3_economic_validity,non_financial_large_cap_revenue_1b,Non-financial companies with revenue >= $1B,"Technology, Healthcare, Industrials, Consumer Cyclical, Consumer Defensive, Energy, Utilities, Basic Materials, Communication Services, Real Estate",1000000000,inf,1651,Autoencoder + K-Means,42,4,300,0.14203442633152008,Autoencoder latent-3,Scenario-specific scaled KPI-8,0.2949601411819458,1.0557041167029442,1341.9909110907251,0.15734070240629272,1.7639446216880867,639.3614217614618,153,682
Canonical cross-cohort robustness,scenario_pipeline_v3_economic_validity,non_financial_large_cap_revenue_1b,Non-financial companies with revenue >= $1B,"Technology, Healthcare, Industrials, Consumer Cyclical, Consumer Defensive, Energy, Utilities, Basic Materials, Communication Services, Real Estate",1000000000,inf,1651,Autoencoder + K-Means,456,4,291,0.13369446992874146,Autoencoder latent-3,Scenario-specific scaled KPI-8,0.4287125766277313,0.9273122163391572,1793.6747342869753,0.17856189335304518,1.612120494042188,621.1598104981031,130,954
Canonical cross-cohort robustness,scenario_pipeline_v3_economic_validity,non_financial_large_cap_revenue_1b,Non-financial companies with revenue >= $1B,"Technology, Healthcare, Industrials, Consumer Cyclical, Consumer Defensive, Energy, Utilities, Basic Materials, Communication Services, Real Estate",1000000000,inf,1651,Autoencoder + K-Means,2026,4,300,0.1415444314479828,Autoencoder latent-3,Scenario-specific scaled KPI-8,0.3513772487640381,1.011952455472192,1224.812201018496,0.14904187416605152,1.9302139294147085,548.1117630583385,139,766
