Scenario ID,Scenario Name,Method,Method Type,Solution ID,Seed,Population,Variable,Kruskal-Wallis H,Kruskal-Wallis P-Value,Epsilon-Squared,Cluster Median Range,N Evaluated,Evaluation Coverage,Benjamini-Hochberg Adjusted P-Value
technology_revenue_25m,Technology companies with revenue >= $25M,Agglomerative,Traditional full-assignment,Agglomerative|K=2,,All eligible companies,Log10 Total Revenue,83.28777444836413,7.093696221594928e-20,0.14066286230489594,1.0733936708522407,587,1.0,3.290267609165307e-19
technology_revenue_25m,Technology companies with revenue >= $25M,Agglomerative,Traditional full-assignment,Agglomerative|K=2,,All eligible companies,Log10 MarketCap,17.500325458513544,2.872585061516307e-05,0.028205684544467598,0.8187780462652015,587,1.0,4.2028425732252015e-05
technology_revenue_25m,Technology companies with revenue >= $25M,K-Means,Traditional full-assignment,K-Means|K=2,,All eligible companies,Log10 Total Revenue,112.38383358662784,2.9441963931111845e-26,0.19039971553269716,0.924446189958168,587,1.0,2.790586146514079e-25
technology_revenue_25m,Technology companies with revenue >= $25M,K-Means,Traditional full-assignment,K-Means|K=2,,All eligible companies,Log10 MarketCap,62.49885288677001,2.665998777430627e-15,0.1051262442508889,1.014943338693035,587,1.0,8.674443783281741e-15
technology_revenue_25m,Technology companies with revenue >= $25M,Gaussian Mixture,Traditional full-assignment,Gaussian Mixture|K=2,,All eligible companies,Log10 Total Revenue,30.80237989094111,2.8568727975774734e-08,0.05094423912981386,0.41267853374340113,587,1.0,5.233598906486464e-08
technology_revenue_25m,Technology companies with revenue >= $25M,Gaussian Mixture,Traditional full-assignment,Gaussian Mixture|K=2,,All eligible companies,Log10 MarketCap,7.381398315728802,0.006590191144618808,0.010908373189280004,0.23755573024969046,587,1.0,0.008162850395039205
technology_revenue_25m,Technology companies with revenue >= $25M,HDBSCAN,Density-based,HDBSCAN|mcs=10|ms=5,,All companies including noise,Log10 Total Revenue,55.06941322152017,1.1011053128545096e-12,0.09087228291356193,1.3075080847620848,587,1.0,2.609140850024816e-12
technology_revenue_25m,Technology companies with revenue >= $25M,HDBSCAN,Density-based,HDBSCAN|mcs=10|ms=5,,All companies including noise,Log10 MarketCap,15.01378491253945,0.0005492853675822384,0.022283878274896318,0.8733659921401689,587,1.0,0.0007213506634513733
technology_revenue_25m,Technology companies with revenue >= $25M,HDBSCAN,Density-based,HDBSCAN|mcs=10|ms=5,,HDBSCAN assigned subset,Log10 Total Revenue,38.092719905460854,6.746136994453263e-10,0.07858627098614587,1.3075080847620848,474,1.0,1.4140941007603956e-09
technology_revenue_25m,Technology companies with revenue >= $25M,HDBSCAN,Density-based,HDBSCAN|mcs=10|ms=5,,HDBSCAN assigned subset,Log10 MarketCap,7.839999999999918,0.005110260660856096,0.01449152542372864,0.8733659921401689,474,1.0,0.0063659247089521654
technology_revenue_25m,Technology companies with revenue >= $25M,HDBSCAN,Density-based,HDBSCAN|mcs=10|ms=10,,All companies including noise,Log10 Total Revenue,51.42811955352125,6.800263348603173e-12,0.08463719101630351,1.2961126165000199,587,1.0,1.544226468745304e-11
technology_revenue_25m,Technology companies with revenue >= $25M,HDBSCAN,Density-based,HDBSCAN|mcs=10|ms=10,,All companies including noise,Log10 MarketCap,21.11534781608316,2.5993243787399207e-05,0.0327317599590465,1.097775536785905,587,1.0,3.828734557873667e-05
technology_revenue_25m,Technology companies with revenue >= $25M,HDBSCAN,Density-based,HDBSCAN|mcs=10|ms=10,,HDBSCAN assigned subset,Log10 Total Revenue,28.261535074782216,1.0598117682248393e-07,0.05691343439411736,1.2961126165000199,481,1.0,1.8336425831191664e-07
technology_revenue_25m,Technology companies with revenue >= $25M,HDBSCAN,Density-based,HDBSCAN|mcs=10|ms=10,,HDBSCAN assigned subset,Log10 MarketCap,14.24847160499894,0.00016019084564843547,0.02765860460333808,1.097775536785905,481,1.0,0.00021690437485316107
technology_revenue_25m,Technology companies with revenue >= $25M,HDBSCAN,Density-based,HDBSCAN|mcs=15|ms=5,,All companies including noise,Log10 Total Revenue,55.06941322152017,1.1011053128545096e-12,0.09087228291356193,1.3075080847620848,587,1.0,2.609140850024816e-12
technology_revenue_25m,Technology companies with revenue >= $25M,HDBSCAN,Density-based,HDBSCAN|mcs=15|ms=5,,All companies including noise,Log10 MarketCap,15.01378491253945,0.0005492853675822384,0.022283878274896318,0.8733659921401689,587,1.0,0.0007213506634513733
technology_revenue_25m,Technology companies with revenue >= $25M,HDBSCAN,Density-based,HDBSCAN|mcs=15|ms=5,,HDBSCAN assigned subset,Log10 Total Revenue,38.092719905460854,6.746136994453263e-10,0.07858627098614587,1.3075080847620848,474,1.0,1.4140941007603956e-09
technology_revenue_25m,Technology companies with revenue >= $25M,HDBSCAN,Density-based,HDBSCAN|mcs=15|ms=5,,HDBSCAN assigned subset,Log10 MarketCap,7.839999999999918,0.005110260660856096,0.01449152542372864,0.8733659921401689,474,1.0,0.0063659247089521654
technology_revenue_25m,Technology companies with revenue >= $25M,Autoencoder + K-Means,Neural full-assignment,Autoencoder + K-Means|K=4,42.0,All eligible companies,Log10 Total Revenue,83.76134632365276,4.786430154843038e-18,0.1385271806580665,1.3658844584541958,587,1.0,1.7685453792470887e-17
technology_revenue_25m,Technology companies with revenue >= $25M,Autoencoder + K-Means,Neural full-assignment,Autoencoder + K-Means|K=4,42.0,All eligible companies,Log10 MarketCap,17.484468713449132,0.0005617638933265483,0.02484471477435529,1.1663684030451549,587,1.0,0.0007333205314083086
technology_revenue_25m,Technology companies with revenue >= $25M,DEC,Neural full-assignment,DEC|K=4,42.0,All eligible companies,Log10 Total Revenue,121.60957198711507,3.473514294466613e-26,0.2034469502351888,1.2133482401263116,587,1.0,3.1551088174738398e-25
technology_revenue_25m,Technology companies with revenue >= $25M,DEC,Neural full-assignment,DEC|K=4,42.0,All eligible companies,Log10 MarketCap,47.996029011814926,2.133628430201885e-10,0.07718015267892783,1.0964115372211296,587,1.0,4.560107821411872e-10
technology_revenue_25m,Technology companies with revenue >= $25M,Autoencoder + K-Means,Neural full-assignment,Autoencoder + K-Means|K=4,456.0,All eligible companies,Log10 Total Revenue,167.8719001487649,3.664995484253267e-36,0.28279914262223826,1.2431269335347954,587,1.0,1.5979380311344246e-34
technology_revenue_25m,Technology companies with revenue >= $25M,Autoencoder + K-Means,Neural full-assignment,Autoencoder + K-Means|K=4,456.0,All eligible companies,Log10 MarketCap,104.02684858330213,2.1158548087403286e-22,0.1732879049456297,1.1311091896218262,587,1.0,1.153140870763479e-21
technology_revenue_25m,Technology companies with revenue >= $25M,DEC,Neural full-assignment,DEC|K=4,456.0,All eligible companies,Log10 Total Revenue,145.17803311690201,2.8896305971871287e-31,0.24387312713019213,1.2070533267793468,587,1.0,5.726722456243582e-30
technology_revenue_25m,Technology companies with revenue >= $25M,DEC,Neural full-assignment,DEC|K=4,456.0,All eligible companies,Log10 MarketCap,142.3254268982464,1.1913172568003509e-30,0.23898014905359588,1.3711004150703143,587,1.0,2.1642263498539707e-29
technology_revenue_25m,Technology companies with revenue >= $25M,Autoencoder + K-Means,Neural full-assignment,Autoencoder + K-Means|K=4,2026.0,All eligible companies,Log10 Total Revenue,130.70477146685252,3.812331654227784e-28,0.21904763544914668,1.4334751509108292,587,1.0,4.617157225675871e-27
technology_revenue_25m,Technology companies with revenue >= $25M,Autoencoder + K-Means,Neural full-assignment,Autoencoder + K-Means|K=4,2026.0,All eligible companies,Log10 MarketCap,77.24808701981237,1.194515331114556e-16,0.12735520929641916,1.0614374115544472,587,1.0,4.13340225687259e-16
technology_revenue_25m,Technology companies with revenue >= $25M,DEC,Neural full-assignment,DEC|K=4,2026.0,All eligible companies,Log10 Total Revenue,147.63304959809477,8.537581412550054e-32,0.24808413310136324,1.4382951150341086,587,1.0,2.3264909349198897e-30
technology_revenue_25m,Technology companies with revenue >= $25M,DEC,Neural full-assignment,DEC|K=4,2026.0,All eligible companies,Log10 MarketCap,135.70961706647836,3.1801088786920505e-29,0.22763227627183252,1.3124402944134843,587,1.0,4.951883825391908e-28
healthcare_revenue_50m,Healthcare companies with revenue >= $50M,Agglomerative,Traditional full-assignment,Agglomerative|K=2,,All eligible companies,Log10 Total Revenue,98.5137339195569,3.227783023679024e-23,0.22061930751030973,0.9769537572626694,444,1.0,2.121881374571979e-22
healthcare_revenue_50m,Healthcare companies with revenue >= $50M,Agglomerative,Traditional full-assignment,Agglomerative|K=2,,All eligible companies,Log10 MarketCap,11.092818759159854,0.0008666265700132419,0.022834431581809624,0.3187793152656617,444,1.0,0.001124551144421945
healthcare_revenue_50m,Healthcare companies with revenue >= $50M,K-Means,Traditional full-assignment,K-Means|K=2,,All eligible companies,Log10 Total Revenue,108.12352146950002,2.5253864346103087e-25,0.24236090830203624,0.985501410322227,444,1.0,1.835114142483491e-24
healthcare_revenue_50m,Healthcare companies with revenue >= $50M,K-Means,Traditional full-assignment,K-Means|K=2,,All eligible companies,Log10 MarketCap,19.23763240288099,1.154156402523536e-05,0.04126161177122396,0.44391210981900286,444,1.0,1.723329422946102e-05
healthcare_revenue_50m,Healthcare companies with revenue >= $50M,Gaussian Mixture,Traditional full-assignment,Gaussian Mixture|K=2,,All eligible companies,Log10 Total Revenue,118.9254891013561,1.0873833821330398e-27,0.26679974909809073,0.9468462796669499,444,1.0,1.1769211105212064e-26
healthcare_revenue_50m,Healthcare companies with revenue >= $50M,Gaussian Mixture,Traditional full-assignment,Gaussian Mixture|K=2,,All eligible companies,Log10 MarketCap,50.92944611161511,9.57463858142734e-13,0.11296254776383509,0.5734983069089257,444,1.0,2.319190234167956e-12
healthcare_revenue_50m,Healthcare companies with revenue >= $50M,HDBSCAN,Density-based,HDBSCAN|mcs=10|ms=5,,All companies including noise,Log10 Total Revenue,107.71364118958604,3.406690280276113e-23,0.2379855481581501,2.780002274684027,444,1.0,2.121881374571979e-22
healthcare_revenue_50m,Healthcare companies with revenue >= $50M,HDBSCAN,Density-based,HDBSCAN|mcs=10|ms=5,,All companies including noise,Log10 MarketCap,36.87345064608985,4.8939699033861525e-08,0.07698511510474966,1.2232830190169182,444,1.0,8.817235032546953e-08
healthcare_revenue_50m,Healthcare companies with revenue >= $50M,HDBSCAN,Density-based,HDBSCAN|mcs=10|ms=5,,HDBSCAN assigned subset,Log10 Total Revenue,73.25956418254191,1.2356280664432876e-16,0.18703297685706538,2.780002274684027,384,1.0,4.14410643822518e-16
healthcare_revenue_50m,Healthcare companies with revenue >= $50M,HDBSCAN,Density-based,HDBSCAN|mcs=10|ms=5,,HDBSCAN assigned subset,Log10 MarketCap,10.598476957034563,0.00499539656062081,0.02256818098959203,0.7242565646442607,384,1.0,0.006294777168874778
healthcare_revenue_50m,Healthcare companies with revenue >= $50M,HDBSCAN,Density-based,HDBSCAN|mcs=10|ms=15,,All companies including noise,Log10 Total Revenue,114.10524672912175,1.6686317183925372e-25,0.25420690868281576,1.168277325891526,444,1.0,1.2991489807484754e-24
healthcare_revenue_50m,Healthcare companies with revenue >= $50M,HDBSCAN,Density-based,HDBSCAN|mcs=10|ms=15,,All companies including noise,Log10 MarketCap,32.82140839818089,7.463142296233208e-08,0.06988981496186143,0.5204424281561142,444,1.0,1.3015720164630716e-07
healthcare_revenue_50m,Healthcare companies with revenue >= $50M,HDBSCAN,Density-based,HDBSCAN|mcs=10|ms=15,,HDBSCAN assigned subset,Log10 Total Revenue,53.63505861766316,2.414127183840214e-13,0.15998498060079988,1.168277325891526,331,1.0,6.497280568853909e-13
healthcare_revenue_50m,Healthcare companies with revenue >= $50M,HDBSCAN,Density-based,HDBSCAN|mcs=10|ms=15,,HDBSCAN assigned subset,Log10 MarketCap,3.787644755775659,0.051632252645464,0.008473084364059755,0.1317125673743984,331,1.0,0.06184522569621512
healthcare_revenue_50m,Healthcare companies with revenue >= $50M,HDBSCAN,Density-based,HDBSCAN|mcs=15|ms=5,,All companies including noise,Log10 Total Revenue,107.71364118958604,3.406690280276113e-23,0.2379855481581501,2.780002274684027,444,1.0,2.121881374571979e-22
healthcare_revenue_50m,Healthcare companies with revenue >= $50M,HDBSCAN,Density-based,HDBSCAN|mcs=15|ms=5,,All companies including noise,Log10 MarketCap,36.87345064608985,4.8939699033861525e-08,0.07698511510474966,1.2232830190169182,444,1.0,8.817235032546953e-08
healthcare_revenue_50m,Healthcare companies with revenue >= $50M,HDBSCAN,Density-based,HDBSCAN|mcs=15|ms=5,,HDBSCAN assigned subset,Log10 Total Revenue,73.25956418254191,1.2356280664432876e-16,0.18703297685706538,2.780002274684027,384,1.0,4.14410643822518e-16
healthcare_revenue_50m,Healthcare companies with revenue >= $50M,HDBSCAN,Density-based,HDBSCAN|mcs=15|ms=5,,HDBSCAN assigned subset,Log10 MarketCap,10.598476957034563,0.00499539656062081,0.02256818098959203,0.7242565646442607,384,1.0,0.006294777168874778
healthcare_revenue_50m,Healthcare companies with revenue >= $50M,HDBSCAN,Density-based,HDBSCAN|mcs=15|ms=10,,All companies including noise,Log10 Total Revenue,83.26081101680415,8.32040772037172e-19,0.18426487758912508,1.1126151312922916,444,1.0,3.297907060074609e-18
healthcare_revenue_50m,Healthcare companies with revenue >= $50M,HDBSCAN,Density-based,HDBSCAN|mcs=15|ms=10,,All companies including noise,Log10 MarketCap,17.622689239092097,0.00014903272883246793,0.03542559918161473,0.39723898796382606,444,1.0,0.00020305709303423757
healthcare_revenue_50m,Healthcare companies with revenue >= $50M,HDBSCAN,Density-based,HDBSCAN|mcs=15|ms=10,,HDBSCAN assigned subset,Log10 Total Revenue,55.02280318420662,1.1913952889483312e-13,0.16725326063221865,1.1126151312922916,325,1.0,3.509786121496435e-13
healthcare_revenue_50m,Healthcare companies with revenue >= $50M,HDBSCAN,Density-based,HDBSCAN|mcs=15|ms=10,,HDBSCAN assigned subset,Log10 MarketCap,2.565495543160978,0.10921832881842197,0.004846735427742966,0.06969312933070348,325,1.0,0.12086089178891364
healthcare_revenue_50m,Healthcare companies with revenue >= $50M,HDBSCAN,Density-based,HDBSCAN|mcs=15|ms=15,,All companies including noise,Log10 Total Revenue,114.10524672912175,1.6686317183925372e-25,0.25420690868281576,1.168277325891526,444,1.0,1.2991489807484754e-24
healthcare_revenue_50m,Healthcare companies with revenue >= $50M,HDBSCAN,Density-based,HDBSCAN|mcs=15|ms=15,,All companies including noise,Log10 MarketCap,32.82140839818089,7.463142296233208e-08,0.06988981496186143,0.5204424281561142,444,1.0,1.3015720164630716e-07
healthcare_revenue_50m,Healthcare companies with revenue >= $50M,HDBSCAN,Density-based,HDBSCAN|mcs=15|ms=15,,HDBSCAN assigned subset,Log10 Total Revenue,53.63505861766316,2.414127183840214e-13,0.15998498060079988,1.168277325891526,331,1.0,6.497280568853909e-13
healthcare_revenue_50m,Healthcare companies with revenue >= $50M,HDBSCAN,Density-based,HDBSCAN|mcs=15|ms=15,,HDBSCAN assigned subset,Log10 MarketCap,3.787644755775659,0.051632252645464,0.008473084364059755,0.1317125673743984,331,1.0,0.06184522569621512
healthcare_revenue_50m,Healthcare companies with revenue >= $50M,HDBSCAN,Density-based,HDBSCAN|mcs=20|ms=5,,All companies including noise,Log10 Total Revenue,61.64847826363666,4.1039592155939126e-14,0.13525732032570673,1.030056997523805,444,1.0,1.2600888859147507e-13
healthcare_revenue_50m,Healthcare companies with revenue >= $50M,HDBSCAN,Density-based,HDBSCAN|mcs=20|ms=5,,All companies including noise,Log10 MarketCap,8.991144856811161,0.011158291463634293,0.015852936183245264,0.34712310077253683,444,1.0,0.01366577269141728
healthcare_revenue_50m,Healthcare companies with revenue >= $50M,HDBSCAN,Density-based,HDBSCAN|mcs=20|ms=5,,HDBSCAN assigned subset,Log10 Total Revenue,53.53872097701833,2.535459118252367e-13,0.14394170130689954,1.030056997523805,367,1.0,6.580120092607333e-13
healthcare_revenue_50m,Healthcare companies with revenue >= $50M,HDBSCAN,Density-based,HDBSCAN|mcs=20|ms=5,,HDBSCAN assigned subset,Log10 MarketCap,0.4160404487465712,0.5189194250396783,0.0,0.019515932002768466,367,1.0,0.5361347614154022
healthcare_revenue_50m,Healthcare companies with revenue >= $50M,HDBSCAN,Density-based,HDBSCAN|mcs=20|ms=10,,All companies including noise,Log10 Total Revenue,83.26081101680415,8.32040772037172e-19,0.18426487758912508,1.1126151312922916,444,1.0,3.297907060074609e-18
healthcare_revenue_50m,Healthcare companies with revenue >= $50M,HDBSCAN,Density-based,HDBSCAN|mcs=20|ms=10,,All companies including noise,Log10 MarketCap,17.622689239092097,0.00014903272883246793,0.03542559918161473,0.39723898796382606,444,1.0,0.00020305709303423757
healthcare_revenue_50m,Healthcare companies with revenue >= $50M,HDBSCAN,Density-based,HDBSCAN|mcs=20|ms=10,,HDBSCAN assigned subset,Log10 Total Revenue,55.02280318420662,1.1913952889483312e-13,0.16725326063221865,1.1126151312922916,325,1.0,3.509786121496435e-13
healthcare_revenue_50m,Healthcare companies with revenue >= $50M,HDBSCAN,Density-based,HDBSCAN|mcs=20|ms=10,,HDBSCAN assigned subset,Log10 MarketCap,2.565495543160978,0.10921832881842197,0.004846735427742966,0.06969312933070348,325,1.0,0.12086089178891364
healthcare_revenue_50m,Healthcare companies with revenue >= $50M,HDBSCAN,Density-based,HDBSCAN|mcs=20|ms=15,,All companies including noise,Log10 Total Revenue,114.10524672912175,1.6686317183925372e-25,0.25420690868281576,1.168277325891526,444,1.0,1.2991489807484754e-24
healthcare_revenue_50m,Healthcare companies with revenue >= $50M,HDBSCAN,Density-based,HDBSCAN|mcs=20|ms=15,,All companies including noise,Log10 MarketCap,32.82140839818089,7.463142296233208e-08,0.06988981496186143,0.5204424281561142,444,1.0,1.3015720164630716e-07
healthcare_revenue_50m,Healthcare companies with revenue >= $50M,HDBSCAN,Density-based,HDBSCAN|mcs=20|ms=15,,HDBSCAN assigned subset,Log10 Total Revenue,53.63505861766316,2.414127183840214e-13,0.15998498060079988,1.168277325891526,331,1.0,6.497280568853909e-13
healthcare_revenue_50m,Healthcare companies with revenue >= $50M,HDBSCAN,Density-based,HDBSCAN|mcs=20|ms=15,,HDBSCAN assigned subset,Log10 MarketCap,3.787644755775659,0.051632252645464,0.008473084364059755,0.1317125673743984,331,1.0,0.06184522569621512
healthcare_revenue_50m,Healthcare companies with revenue >= $50M,HDBSCAN,Density-based,HDBSCAN|mcs=25|ms=5,,All companies including noise,Log10 Total Revenue,61.64847826363666,4.1039592155939126e-14,0.13525732032570673,1.030056997523805,444,1.0,1.2600888859147507e-13
healthcare_revenue_50m,Healthcare companies with revenue >= $50M,HDBSCAN,Density-based,HDBSCAN|mcs=25|ms=5,,All companies including noise,Log10 MarketCap,8.991144856811161,0.011158291463634293,0.015852936183245264,0.34712310077253683,444,1.0,0.01366577269141728
healthcare_revenue_50m,Healthcare companies with revenue >= $50M,HDBSCAN,Density-based,HDBSCAN|mcs=25|ms=5,,HDBSCAN assigned subset,Log10 Total Revenue,53.53872097701833,2.535459118252367e-13,0.14394170130689954,1.030056997523805,367,1.0,6.580120092607333e-13
healthcare_revenue_50m,Healthcare companies with revenue >= $50M,HDBSCAN,Density-based,HDBSCAN|mcs=25|ms=5,,HDBSCAN assigned subset,Log10 MarketCap,0.4160404487465712,0.5189194250396783,0.0,0.019515932002768466,367,1.0,0.5361347614154022
healthcare_revenue_50m,Healthcare companies with revenue >= $50M,HDBSCAN,Density-based,HDBSCAN|mcs=25|ms=10,,All companies including noise,Log10 Total Revenue,83.26081101680415,8.32040772037172e-19,0.18426487758912508,1.1126151312922916,444,1.0,3.297907060074609e-18
healthcare_revenue_50m,Healthcare companies with revenue >= $50M,HDBSCAN,Density-based,HDBSCAN|mcs=25|ms=10,,All companies including noise,Log10 MarketCap,17.622689239092097,0.00014903272883246793,0.03542559918161473,0.39723898796382606,444,1.0,0.00020305709303423757
healthcare_revenue_50m,Healthcare companies with revenue >= $50M,HDBSCAN,Density-based,HDBSCAN|mcs=25|ms=10,,HDBSCAN assigned subset,Log10 Total Revenue,55.02280318420662,1.1913952889483312e-13,0.16725326063221865,1.1126151312922916,325,1.0,3.509786121496435e-13
healthcare_revenue_50m,Healthcare companies with revenue >= $50M,HDBSCAN,Density-based,HDBSCAN|mcs=25|ms=10,,HDBSCAN assigned subset,Log10 MarketCap,2.565495543160978,0.10921832881842197,0.004846735427742966,0.06969312933070348,325,1.0,0.12086089178891364
healthcare_revenue_50m,Healthcare companies with revenue >= $50M,HDBSCAN,Density-based,HDBSCAN|mcs=25|ms=15,,All companies including noise,Log10 Total Revenue,114.10524672912175,1.6686317183925372e-25,0.25420690868281576,1.168277325891526,444,1.0,1.2991489807484754e-24
healthcare_revenue_50m,Healthcare companies with revenue >= $50M,HDBSCAN,Density-based,HDBSCAN|mcs=25|ms=15,,All companies including noise,Log10 MarketCap,32.82140839818089,7.463142296233208e-08,0.06988981496186143,0.5204424281561142,444,1.0,1.3015720164630716e-07
healthcare_revenue_50m,Healthcare companies with revenue >= $50M,HDBSCAN,Density-based,HDBSCAN|mcs=25|ms=15,,HDBSCAN assigned subset,Log10 Total Revenue,53.63505861766316,2.414127183840214e-13,0.15998498060079988,1.168277325891526,331,1.0,6.497280568853909e-13
healthcare_revenue_50m,Healthcare companies with revenue >= $50M,HDBSCAN,Density-based,HDBSCAN|mcs=25|ms=15,,HDBSCAN assigned subset,Log10 MarketCap,3.787644755775659,0.051632252645464,0.008473084364059755,0.1317125673743984,331,1.0,0.06184522569621512
healthcare_revenue_50m,Healthcare companies with revenue >= $50M,Autoencoder + K-Means,Neural full-assignment,Autoencoder + K-Means|K=4,42.0,All eligible companies,Log10 Total Revenue,128.50836324161628,1.1337313449974923e-27,0.28524628009458247,1.2342191490697072,444,1.0,1.1769211105212064e-26
healthcare_revenue_50m,Healthcare companies with revenue >= $50M,Autoencoder + K-Means,Neural full-assignment,Autoencoder + K-Means|K=4,42.0,All eligible companies,Log10 MarketCap,19.234568489254116,0.0002445021057877142,0.03689674656648663,0.3273627278639193,444,1.0,0.00032902135223285
healthcare_revenue_50m,Healthcare companies with revenue >= $50M,DEC,Neural full-assignment,DEC|K=4,42.0,All eligible companies,Log10 Total Revenue,129.7824292060759,6.025041851291024e-28,0.28814188455926343,1.3421790091764105,444,1.0,6.912942755691806e-27
healthcare_revenue_50m,Healthcare companies with revenue >= $50M,DEC,Neural full-assignment,DEC|K=4,42.0,All eligible companies,Log10 MarketCap,20.73533265739843,0.00011947580926813921,0.04030757422136007,0.42316130054436485,444,1.0,0.00016589634662709778
healthcare_revenue_50m,Healthcare companies with revenue >= $50M,Autoencoder + K-Means,Neural full-assignment,Autoencoder + K-Means|K=4,456.0,All eligible companies,Log10 Total Revenue,99.46084912294555,2.0296429183320586e-21,0.21922920255214898,1.0294869615479811,444,1.0,1.0055958095372471e-20
healthcare_revenue_50m,Healthcare companies with revenue >= $50M,Autoencoder + K-Means,Neural full-assignment,Autoencoder + K-Means|K=4,456.0,All eligible companies,Log10 MarketCap,17.98642877245129,0.0004426935078680465,0.03406006539193475,0.4999153751369221,444,1.0,0.0005884584433855741
healthcare_revenue_50m,Healthcare companies with revenue >= $50M,DEC,Neural full-assignment,DEC|K=4,456.0,All eligible companies,Log10 Total Revenue,102.72936663574251,4.0230583456638712e-22,0.22665765144486932,1.063955382884643,444,1.0,2.1390895594017655e-21
healthcare_revenue_50m,Healthcare companies with revenue >= $50M,DEC,Neural full-assignment,DEC|K=4,456.0,All eligible companies,Log10 MarketCap,21.734021015005055,7.409413038955289e-05,0.04257732048864785,0.6045111319288061,444,1.0,0.00010354179759565723
healthcare_revenue_50m,Healthcare companies with revenue >= $50M,Autoencoder + K-Means,Neural full-assignment,Autoencoder + K-Means|K=4,2026.0,All eligible companies,Log10 Total Revenue,132.42252008372225,1.6254714882025528e-28,0.29414209109936873,1.2201304127504367,444,1.0,2.0844281436950382e-27
healthcare_revenue_50m,Healthcare companies with revenue >= $50M,Autoencoder + K-Means,Neural full-assignment,Autoencoder + K-Means|K=4,2026.0,All eligible companies,Log10 MarketCap,56.85991008982069,2.7530653881443202e-12,0.1224088865677743,0.8583061853184706,444,1.0,6.384768666121934e-12
healthcare_revenue_50m,Healthcare companies with revenue >= $50M,DEC,Neural full-assignment,DEC|K=4,2026.0,All eligible companies,Log10 Total Revenue,132.42433927992533,1.6240046248971398e-28,0.2941462256361939,1.1720882905087793,444,1.0,2.0844281436950382e-27
healthcare_revenue_50m,Healthcare companies with revenue >= $50M,DEC,Neural full-assignment,DEC|K=4,2026.0,All eligible companies,Log10 MarketCap,52.53945471038173,2.2984086590911807e-11,0.11258966979632212,0.7641075044140386,444,1.0,5.112786608998749e-11
industrials_revenue_20m,Industrials companies with revenue >= $20M,K-Means,Traditional full-assignment,K-Means|K=3,,All eligible companies,Log10 Total Revenue,104.61832458135427,1.9161057060247605e-23,0.1825948835967158,1.331514371189133,565,1.0,1.305347012229368e-22
industrials_revenue_20m,Industrials companies with revenue >= $20M,K-Means,Traditional full-assignment,K-Means|K=3,,All eligible companies,Log10 MarketCap,56.857359395037065,4.503822638524509e-13,0.09761095977764603,1.2056573728361712,565,1.0,1.1310229847728108e-12
industrials_revenue_20m,Industrials companies with revenue >= $20M,Agglomerative,Traditional full-assignment,Agglomerative|K=3,,All eligible companies,Log10 Total Revenue,85.36740802674345,2.902036562682568e-19,0.14834058367747943,1.313376477209153,565,1.0,1.2404783738525487e-18
industrials_revenue_20m,Industrials companies with revenue >= $20M,Agglomerative,Traditional full-assignment,Agglomerative|K=3,,All eligible companies,Log10 MarketCap,46.48685234241043,8.04467073522559e-11,0.07915810025339934,1.2921637355465379,565,1.0,1.7714527477567459e-10
industrials_revenue_20m,Industrials companies with revenue >= $20M,Gaussian Mixture,Traditional full-assignment,Gaussian Mixture|K=2,,All eligible companies,Log10 Total Revenue,81.38943994679269,1.8534567393183402e-19,0.14278763756091065,0.9623594729828362,565,1.0,8.388425199340707e-19
industrials_revenue_20m,Industrials companies with revenue >= $20M,Gaussian Mixture,Traditional full-assignment,Gaussian Mixture|K=2,,All eligible companies,Log10 MarketCap,54.94232457801263,1.2411915076870842e-13,0.09581229942808638,0.8124675320564592,565,1.0,3.6077299823437915e-13
industrials_revenue_20m,Industrials companies with revenue >= $20M,HDBSCAN,Density-based,HDBSCAN|mcs=10|ms=10,,All companies including noise,Log10 Total Revenue,100.8061386309357,1.042688404192624e-21,0.1743424931032722,1.2445255585977755,565,1.0,5.412049336047429e-21
industrials_revenue_20m,Industrials companies with revenue >= $20M,HDBSCAN,Density-based,HDBSCAN|mcs=10|ms=10,,All companies including noise,Log10 MarketCap,62.48312961928809,1.732100862455946e-13,0.10603053408072743,1.206784302641113,565,1.0,4.96839457914995e-13
industrials_revenue_20m,Industrials companies with revenue >= $20M,HDBSCAN,Density-based,HDBSCAN|mcs=10|ms=10,,HDBSCAN assigned subset,Log10 Total Revenue,21.599278285112096,2.0406866052182786e-05,0.042886823380989265,1.1347278623376038,460,1.0,3.026324353316903e-05
industrials_revenue_20m,Industrials companies with revenue >= $20M,HDBSCAN,Density-based,HDBSCAN|mcs=10|ms=10,,HDBSCAN assigned subset,Log10 MarketCap,0.1783059740889712,0.9147056247594408,0.0,0.0614441129183767,460,1.0,0.9147056247594408
industrials_revenue_20m,Industrials companies with revenue >= $20M,HDBSCAN,Density-based,HDBSCAN|mcs=15|ms=5,,All companies including noise,Log10 Total Revenue,100.65798515704044,1.3880216602756778e-22,0.17554801629366626,1.5212724650799352,565,1.0,7.758685177951225e-22
industrials_revenue_20m,Industrials companies with revenue >= $20M,HDBSCAN,Density-based,HDBSCAN|mcs=15|ms=5,,All companies including noise,Log10 MarketCap,56.80751457907127,4.617479158017439e-13,0.09752226793429052,1.2862644605470734,565,1.0,1.1310229847728108e-12
industrials_revenue_20m,Industrials companies with revenue >= $20M,HDBSCAN,Density-based,HDBSCAN|mcs=15|ms=5,,HDBSCAN assigned subset,Log10 Total Revenue,40.91433469250505,1.5905023581045215e-10,0.08195961949179682,1.5212724650799352,489,1.0,3.4329654858097593e-10
industrials_revenue_20m,Industrials companies with revenue >= $20M,HDBSCAN,Density-based,HDBSCAN|mcs=15|ms=5,,HDBSCAN assigned subset,Log10 MarketCap,2.3456809938302285,0.12563064976281932,0.0027632053261400997,0.16780657627671047,489,1.0,0.13762553592107846
industrials_revenue_20m,Industrials companies with revenue >= $20M,HDBSCAN,Density-based,HDBSCAN|mcs=20|ms=5,,All companies including noise,Log10 Total Revenue,100.65798515704044,1.3880216602756778e-22,0.17554801629366626,1.5212724650799352,565,1.0,7.758685177951225e-22
industrials_revenue_20m,Industrials companies with revenue >= $20M,HDBSCAN,Density-based,HDBSCAN|mcs=20|ms=5,,All companies including noise,Log10 MarketCap,56.80751457907127,4.617479158017439e-13,0.09752226793429052,1.2862644605470734,565,1.0,1.1310229847728108e-12
industrials_revenue_20m,Industrials companies with revenue >= $20M,HDBSCAN,Density-based,HDBSCAN|mcs=20|ms=5,,HDBSCAN assigned subset,Log10 Total Revenue,40.91433469250505,1.5905023581045215e-10,0.08195961949179682,1.5212724650799352,489,1.0,3.4329654858097593e-10
industrials_revenue_20m,Industrials companies with revenue >= $20M,HDBSCAN,Density-based,HDBSCAN|mcs=20|ms=5,,HDBSCAN assigned subset,Log10 MarketCap,2.3456809938302285,0.12563064976281932,0.0027632053261400997,0.16780657627671047,489,1.0,0.13762553592107846
industrials_revenue_20m,Industrials companies with revenue >= $20M,Autoencoder + K-Means,Neural full-assignment,Autoencoder + K-Means|K=4,42.0,All eligible companies,Log10 Total Revenue,87.2313064181387,8.612603943257099e-19,0.1501449312266287,1.4764140117324143,565,1.0,3.3527636779107993e-18
industrials_revenue_20m,Industrials companies with revenue >= $20M,Autoencoder + K-Means,Neural full-assignment,Autoencoder + K-Means|K=4,42.0,All eligible companies,Log10 MarketCap,40.96884046875448,6.6394703061284316e-09,0.06768064254679942,0.9237434525237731,565,1.0,1.3158222970327256e-08
industrials_revenue_20m,Industrials companies with revenue >= $20M,DEC,Neural full-assignment,DEC|K=4,42.0,All eligible companies,Log10 Total Revenue,109.58403050368354,1.348509668845107e-23,0.18998935918660168,1.4146368486873468,565,1.0,9.483067993813978e-23
industrials_revenue_20m,Industrials companies with revenue >= $20M,DEC,Neural full-assignment,DEC|K=4,42.0,All eligible companies,Log10 MarketCap,82.35958228265554,9.568004652607215e-18,0.14146093098512574,1.3149550864920627,565,1.0,3.476375023780621e-17
industrials_revenue_20m,Industrials companies with revenue >= $20M,Autoencoder + K-Means,Neural full-assignment,Autoencoder + K-Means|K=4,456.0,All eligible companies,Log10 Total Revenue,145.64870119235397,2.2873437350196e-31,0.2542757597011657,1.4951339196577367,565,1.0,4.9864093423427285e-30
industrials_revenue_20m,Industrials companies with revenue >= $20M,Autoencoder + K-Means,Neural full-assignment,Autoencoder + K-Means|K=4,456.0,All eligible companies,Log10 MarketCap,99.53174163993981,1.9596441873690933e-21,0.17207084071290518,1.541628003905485,565,1.0,9.934940298754938e-21
industrials_revenue_20m,Industrials companies with revenue >= $20M,DEC,Neural full-assignment,DEC|K=4,456.0,All eligible companies,Log10 Total Revenue,165.44585223206633,1.2239375647321748e-35,0.28956479898764054,1.5380151338655503,565,1.0,4.446973151860235e-34
industrials_revenue_20m,Industrials companies with revenue >= $20M,DEC,Neural full-assignment,DEC|K=4,456.0,All eligible companies,Log10 MarketCap,132.45710262195462,1.5978121420665825e-28,0.23076132374679967,1.6570204752277284,565,1.0,2.0844281436950382e-27
industrials_revenue_20m,Industrials companies with revenue >= $20M,Autoencoder + K-Means,Neural full-assignment,Autoencoder + K-Means|K=4,2026.0,All eligible companies,Log10 Total Revenue,126.07839593670472,3.785202694906782e-27,0.21939108010107794,1.5704897474727098,565,1.0,3.7507917613167206e-26
industrials_revenue_20m,Industrials companies with revenue >= $20M,Autoencoder + K-Means,Neural full-assignment,Autoencoder + K-Means|K=4,2026.0,All eligible companies,Log10 MarketCap,118.04062468413622,2.0388880700576433e-25,0.20506350211075974,1.4355911583353809,565,1.0,1.5326813768019526e-24
industrials_revenue_20m,Industrials companies with revenue >= $20M,DEC,Neural full-assignment,DEC|K=4,2026.0,All eligible companies,Log10 Total Revenue,147.05530523292379,1.1374971954436156e-31,0.25678307528150407,1.5102979267306473,565,1.0,2.75527098451898e-30
industrials_revenue_20m,Industrials companies with revenue >= $20M,DEC,Neural full-assignment,DEC|K=4,2026.0,All eligible companies,Log10 MarketCap,155.17382107845447,2.0162963779176435e-33,0.27125458302754807,1.6699532703381852,565,1.0,6.279323005514947e-32
consumer_cyclical_revenue_20m,Consumer Cyclical companies with revenue >= $20M,K-Means,Traditional full-assignment,K-Means|K=3,,All eligible companies,Log10 Total Revenue,78.16516448086689,1.0632862418274715e-17,0.1630945706228413,1.629102464520967,470,1.0,3.7999409953834223e-17
consumer_cyclical_revenue_20m,Consumer Cyclical companies with revenue >= $20M,K-Means,Traditional full-assignment,K-Means|K=3,,All eligible companies,Log10 MarketCap,58.049976309833255,2.480891704967716e-13,0.12002136254782282,1.4611003972988268,470,1.0,6.580120092607333e-13
consumer_cyclical_revenue_20m,Consumer Cyclical companies with revenue >= $20M,Agglomerative,Traditional full-assignment,Agglomerative|K=3,,All eligible companies,Log10 Total Revenue,86.22987745685005,1.8854717191178652e-19,0.18036376329089945,1.4175437994585227,470,1.0,8.388425199340707e-19
consumer_cyclical_revenue_20m,Consumer Cyclical companies with revenue >= $20M,Agglomerative,Traditional full-assignment,Agglomerative|K=3,,All eligible companies,Log10 MarketCap,89.88254721762928,3.0356581399423846e-20,0.1881853259478143,1.5053938405705445,470,1.0,1.4386379880596518e-19
consumer_cyclical_revenue_20m,Consumer Cyclical companies with revenue >= $20M,Gaussian Mixture,Traditional full-assignment,Gaussian Mixture|K=2,,All eligible companies,Log10 Total Revenue,8.803296848655975,0.0030068670217912492,0.01667371121507687,0.25835896301111916,470,1.0,0.0038333158523420605
consumer_cyclical_revenue_20m,Consumer Cyclical companies with revenue >= $20M,Gaussian Mixture,Traditional full-assignment,Gaussian Mixture|K=2,,All eligible companies,Log10 MarketCap,11.015696981847896,0.0009034354953219893,0.021401061927025417,0.5014587138504023,470,1.0,0.0011653783312437496
consumer_cyclical_revenue_20m,Consumer Cyclical companies with revenue >= $20M,HDBSCAN,Density-based,HDBSCAN|mcs=10|ms=5,,All companies including noise,Log10 Total Revenue,62.107228163056796,2.084150128650203e-13,0.12683954541428497,2.212585514949576,470,1.0,5.900580883710963e-13
consumer_cyclical_revenue_20m,Consumer Cyclical companies with revenue >= $20M,HDBSCAN,Density-based,HDBSCAN|mcs=10|ms=5,,All companies including noise,Log10 MarketCap,39.4080783869847,1.4223479316769224e-08,0.07812892357722039,1.7919695639790296,470,1.0,2.6730331819445612e-08
consumer_cyclical_revenue_20m,Consumer Cyclical companies with revenue >= $20M,HDBSCAN,Density-based,HDBSCAN|mcs=10|ms=5,,HDBSCAN assigned subset,Log10 Total Revenue,39.72112889622302,2.3695531399729296e-09,0.09453917016597249,2.212585514949576,402,1.0,4.919643662039035e-09
consumer_cyclical_revenue_20m,Consumer Cyclical companies with revenue >= $20M,HDBSCAN,Density-based,HDBSCAN|mcs=10|ms=5,,HDBSCAN assigned subset,Log10 MarketCap,15.4494316868454,0.00044177235459182996,0.03370784883921153,1.7919695639790296,402,1.0,0.0005884584433855741
consumer_cyclical_revenue_20m,Consumer Cyclical companies with revenue >= $20M,HDBSCAN,Density-based,HDBSCAN|mcs=15|ms=5,,All companies including noise,Log10 Total Revenue,56.84530047653451,4.531060285221638e-13,0.11744175690906748,1.3692219265421155,470,1.0,1.1310229847728108e-12
consumer_cyclical_revenue_20m,Consumer Cyclical companies with revenue >= $20M,HDBSCAN,Density-based,HDBSCAN|mcs=15|ms=5,,All companies including noise,Log10 MarketCap,37.77965264954537,6.25536510408924e-09,0.07661595856433698,1.135839960266443,470,1.0,1.251073020817848e-08
consumer_cyclical_revenue_20m,Consumer Cyclical companies with revenue >= $20M,HDBSCAN,Density-based,HDBSCAN|mcs=15|ms=5,,HDBSCAN assigned subset,Log10 Total Revenue,17.33898045234556,3.1270621643931654e-05,0.042219587732159065,0.561497464520869,389,1.0,4.514566568461656e-05
consumer_cyclical_revenue_20m,Consumer Cyclical companies with revenue >= $20M,HDBSCAN,Density-based,HDBSCAN|mcs=15|ms=5,,HDBSCAN assigned subset,Log10 MarketCap,1.3114790650072337,0.25212703712713014,0.0008048554651349707,0.0939531746827722,389,1.0,0.26811558094494814
consumer_cyclical_revenue_20m,Consumer Cyclical companies with revenue >= $20M,HDBSCAN,Density-based,HDBSCAN|mcs=20|ms=5,,All companies including noise,Log10 Total Revenue,56.84530047653451,4.531060285221638e-13,0.11744175690906748,1.3692219265421155,470,1.0,1.1310229847728108e-12
consumer_cyclical_revenue_20m,Consumer Cyclical companies with revenue >= $20M,HDBSCAN,Density-based,HDBSCAN|mcs=20|ms=5,,All companies including noise,Log10 MarketCap,37.77965264954537,6.25536510408924e-09,0.07661595856433698,1.135839960266443,470,1.0,1.251073020817848e-08
consumer_cyclical_revenue_20m,Consumer Cyclical companies with revenue >= $20M,HDBSCAN,Density-based,HDBSCAN|mcs=20|ms=5,,HDBSCAN assigned subset,Log10 Total Revenue,17.33898045234556,3.1270621643931654e-05,0.042219587732159065,0.561497464520869,389,1.0,4.514566568461656e-05
consumer_cyclical_revenue_20m,Consumer Cyclical companies with revenue >= $20M,HDBSCAN,Density-based,HDBSCAN|mcs=20|ms=5,,HDBSCAN assigned subset,Log10 MarketCap,1.3114790650072337,0.25212703712713014,0.0008048554651349707,0.0939531746827722,389,1.0,0.26811558094494814
consumer_cyclical_revenue_20m,Consumer Cyclical companies with revenue >= $20M,Autoencoder + K-Means,Neural full-assignment,Autoencoder + K-Means|K=4,42.0,All eligible companies,Log10 Total Revenue,76.6512009063309,1.6038423522671148e-16,0.1580497873526414,1.8077319530735156,470,1.0,5.297539890821683e-16
consumer_cyclical_revenue_20m,Consumer Cyclical companies with revenue >= $20M,Autoencoder + K-Means,Neural full-assignment,Autoencoder + K-Means|K=4,42.0,All eligible companies,Log10 MarketCap,84.56032830562003,3.2249959273179544e-18,0.17502216374596574,1.5738709174338332,470,1.0,1.2121536416470931e-17
consumer_cyclical_revenue_20m,Consumer Cyclical companies with revenue >= $20M,DEC,Neural full-assignment,DEC|K=4,42.0,All eligible companies,Log10 Total Revenue,88.4223164132413,4.779580957736142e-19,0.1833096918739084,1.5409540143215477,470,1.0,2.0037474015124596e-18
consumer_cyclical_revenue_20m,Consumer Cyclical companies with revenue >= $20M,DEC,Neural full-assignment,DEC|K=4,42.0,All eligible companies,Log10 MarketCap,95.73766242051579,1.2816796639618332e-20,0.19900785927149311,1.6272457495338752,470,1.0,6.209025927637325e-20
consumer_cyclical_revenue_20m,Consumer Cyclical companies with revenue >= $20M,Autoencoder + K-Means,Neural full-assignment,Autoencoder + K-Means|K=4,456.0,All eligible companies,Log10 Total Revenue,41.188975166373275,5.962694353156417e-09,0.08195059048577956,1.3878008683546437,470,1.0,1.2148293168113074e-08
consumer_cyclical_revenue_20m,Consumer Cyclical companies with revenue >= $20M,Autoencoder + K-Means,Neural full-assignment,Autoencoder + K-Means|K=4,456.0,All eligible companies,Log10 MarketCap,56.28877689112642,3.645171956318144e-12,0.11435359847881206,1.8568488824508673,470,1.0,8.364710383972163e-12
consumer_cyclical_revenue_20m,Consumer Cyclical companies with revenue >= $20M,DEC,Neural full-assignment,DEC|K=4,456.0,All eligible companies,Log10 Total Revenue,25.825385904736567,1.0374941881304708e-05,0.04898151481703126,0.9045823993004554,470,1.0,1.5598188483616734e-05
consumer_cyclical_revenue_20m,Consumer Cyclical companies with revenue >= $20M,DEC,Neural full-assignment,DEC|K=4,456.0,All eligible companies,Log10 MarketCap,66.0079502565236,3.0530221103725485e-14,0.13521019368352705,1.5060397576488889,470,1.0,9.645780000887182e-14
consumer_cyclical_revenue_20m,Consumer Cyclical companies with revenue >= $20M,Autoencoder + K-Means,Neural full-assignment,Autoencoder + K-Means|K=4,2026.0,All eligible companies,Log10 Total Revenue,81.05522375318367,1.82252949514111e-17,0.1675004801570465,1.7814602010151486,470,1.0,6.408248870012291e-17
consumer_cyclical_revenue_20m,Consumer Cyclical companies with revenue >= $20M,Autoencoder + K-Means,Neural full-assignment,Autoencoder + K-Means|K=4,2026.0,All eligible companies,Log10 MarketCap,106.57266233137375,5.995461526866603e-23,0.22225893204157457,1.9094583814855461,470,1.0,3.532461115829512e-22
consumer_cyclical_revenue_20m,Consumer Cyclical companies with revenue >= $20M,DEC,Neural full-assignment,DEC|K=4,2026.0,All eligible companies,Log10 Total Revenue,85.45920395018496,2.068162650317327e-18,0.17695108143816515,1.743080583724458,470,1.0,7.909815048582057e-18
consumer_cyclical_revenue_20m,Consumer Cyclical companies with revenue >= $20M,DEC,Neural full-assignment,DEC|K=4,2026.0,All eligible companies,Log10 MarketCap,106.6440739914608,5.787067882646526e-23,0.22241217594734078,1.8686712411311195,470,1.0,3.5043911067137294e-22
non_financial_large_cap_revenue_1b,Non-financial companies with revenue >= $1B,Agglomerative,Traditional full-assignment,Agglomerative|K=2,,All eligible companies,Log10 Total Revenue,33.58107378296146,6.835460048803156e-09,0.019758079916895974,0.4303190387820237,1651,1.0,1.3424597212964758e-08
non_financial_large_cap_revenue_1b,Non-financial companies with revenue >= $1B,Agglomerative,Traditional full-assignment,Agglomerative|K=2,,All eligible companies,Log10 MarketCap,0.3476127271542282,0.5554676281504058,0.0,0.026743223201943778,1651,1.0,0.5711884100791909
non_financial_large_cap_revenue_1b,Non-financial companies with revenue >= $1B,K-Means,Traditional full-assignment,K-Means|K=2,,All eligible companies,Log10 Total Revenue,32.03191864338647,1.516601204395623e-08,0.0188186286497189,0.39974139151735066,1651,1.0,2.8258039534892806e-08
non_financial_large_cap_revenue_1b,Non-financial companies with revenue >= $1B,K-Means,Traditional full-assignment,K-Means|K=2,,All eligible companies,Log10 MarketCap,0.020945637933436956,0.8849271478950572,0.0,0.042747589908653794,1651,1.0,0.8890051531848963
non_financial_large_cap_revenue_1b,Non-financial companies with revenue >= $1B,Gaussian Mixture,Traditional full-assignment,Gaussian Mixture|K=2,,All eligible companies,Log10 Total Revenue,10.773630356888763,0.0010295637293210407,0.005927004461424356,0.0525714024421049,1651,1.0,0.001320264076423452
non_financial_large_cap_revenue_1b,Non-financial companies with revenue >= $1B,Gaussian Mixture,Traditional full-assignment,Gaussian Mixture|K=2,,All eligible companies,Log10 MarketCap,31.197635204835933,2.3304980161452582e-08,0.018312695697292863,0.19612698058194056,1651,1.0,4.3054963349124265e-08
non_financial_large_cap_revenue_1b,Non-financial companies with revenue >= $1B,HDBSCAN,Density-based,HDBSCAN|mcs=10|ms=5,,All companies including noise,Log10 Total Revenue,20.298230936243154,3.9110661006639794e-05,0.011103295471021332,0.606740131055421,1651,1.0,5.5007252254499844e-05
non_financial_large_cap_revenue_1b,Non-financial companies with revenue >= $1B,HDBSCAN,Density-based,HDBSCAN|mcs=10|ms=5,,All companies including noise,Log10 MarketCap,5.097138935891053,0.07819344425936306,0.001879331878574668,0.1759720312994677,1651,1.0,0.08786686004402654
non_financial_large_cap_revenue_1b,Non-financial companies with revenue >= $1B,HDBSCAN,Density-based,HDBSCAN|mcs=10|ms=5,,HDBSCAN assigned subset,Log10 Total Revenue,19.51595986743297,9.976267291254182e-06,0.012246005203328683,0.5076468982073035,1514,1.0,1.510296020481536e-05
non_financial_large_cap_revenue_1b,Non-financial companies with revenue >= $1B,HDBSCAN,Density-based,HDBSCAN|mcs=10|ms=5,,HDBSCAN assigned subset,Log10 MarketCap,0.07370203871232661,0.7860209617744043,0.0,0.021354245334691768,1514,1.0,0.7932989336426858
non_financial_large_cap_revenue_1b,Non-financial companies with revenue >= $1B,HDBSCAN,Density-based,HDBSCAN|mcs=10|ms=10,,All companies including noise,Log10 Total Revenue,26.01225533137142,2.2465212132391235e-06,0.014570543283599163,0.689480600394619,1651,1.0,3.5233210394685536e-06
non_financial_large_cap_revenue_1b,Non-financial companies with revenue >= $1B,HDBSCAN,Density-based,HDBSCAN|mcs=10|ms=10,,All companies including noise,Log10 MarketCap,5.613984738591171,0.06038633935169041,0.002192951904484934,0.2797125410699923,1651,1.0,0.07077538698208875
non_financial_large_cap_revenue_1b,Non-financial companies with revenue >= $1B,HDBSCAN,Density-based,HDBSCAN|mcs=10|ms=10,,HDBSCAN assigned subset,Log10 Total Revenue,26.19489897812567,3.086367352342641e-07,0.016456498352792732,0.6760573735582209,1533,1.0,5.021105095602207e-07
non_financial_large_cap_revenue_1b,Non-financial companies with revenue >= $1B,HDBSCAN,Density-based,HDBSCAN|mcs=10|ms=10,,HDBSCAN assigned subset,Log10 MarketCap,0.5509850155995082,0.45791549641479046,0.0,0.0948510963086786,1533,1.0,0.4776343455427001
non_financial_large_cap_revenue_1b,Non-financial companies with revenue >= $1B,HDBSCAN,Density-based,HDBSCAN|mcs=10|ms=15,,All companies including noise,Log10 Total Revenue,31.87966005049846,1.19514273971338e-07,0.018130861681127708,0.6906689187952946,1651,1.0,2.0041624404424373e-07
non_financial_large_cap_revenue_1b,Non-financial companies with revenue >= $1B,HDBSCAN,Density-based,HDBSCAN|mcs=10|ms=15,,All companies including noise,Log10 MarketCap,5.518847356574952,0.06332825529306649,0.0021352229105430533,0.32274441300349643,1651,1.0,0.07266084028362366
non_financial_large_cap_revenue_1b,Non-financial companies with revenue >= $1B,HDBSCAN,Density-based,HDBSCAN|mcs=10|ms=15,,HDBSCAN assigned subset,Log10 Total Revenue,32.375928556203824,1.2705058063589803e-08,0.02040047370364358,0.6763595284430508,1540,1.0,2.4084370937935452e-08
non_financial_large_cap_revenue_1b,Non-financial companies with revenue >= $1B,HDBSCAN,Density-based,HDBSCAN|mcs=10|ms=15,,HDBSCAN assigned subset,Log10 MarketCap,1.5586264441162712,0.21186644862782322,0.0003632161535216327,0.14163057914157484,1540,1.0,0.22752160493037174
non_financial_large_cap_revenue_1b,Non-financial companies with revenue >= $1B,HDBSCAN,Density-based,HDBSCAN|mcs=15|ms=5,,All companies including noise,Log10 Total Revenue,20.298230936243154,3.9110661006639794e-05,0.011103295471021332,0.606740131055421,1651,1.0,5.5007252254499844e-05
non_financial_large_cap_revenue_1b,Non-financial companies with revenue >= $1B,HDBSCAN,Density-based,HDBSCAN|mcs=15|ms=5,,All companies including noise,Log10 MarketCap,5.097138935891053,0.07819344425936306,0.001879331878574668,0.1759720312994677,1651,1.0,0.08786686004402654
non_financial_large_cap_revenue_1b,Non-financial companies with revenue >= $1B,HDBSCAN,Density-based,HDBSCAN|mcs=15|ms=5,,HDBSCAN assigned subset,Log10 Total Revenue,19.51595986743297,9.976267291254182e-06,0.012246005203328683,0.5076468982073035,1514,1.0,1.510296020481536e-05
non_financial_large_cap_revenue_1b,Non-financial companies with revenue >= $1B,HDBSCAN,Density-based,HDBSCAN|mcs=15|ms=5,,HDBSCAN assigned subset,Log10 MarketCap,0.07370203871232661,0.7860209617744043,0.0,0.021354245334691768,1514,1.0,0.7932989336426858
non_financial_large_cap_revenue_1b,Non-financial companies with revenue >= $1B,HDBSCAN,Density-based,HDBSCAN|mcs=15|ms=10,,All companies including noise,Log10 Total Revenue,26.01225533137142,2.2465212132391235e-06,0.014570543283599163,0.689480600394619,1651,1.0,3.5233210394685536e-06
non_financial_large_cap_revenue_1b,Non-financial companies with revenue >= $1B,HDBSCAN,Density-based,HDBSCAN|mcs=15|ms=10,,All companies including noise,Log10 MarketCap,5.613984738591171,0.06038633935169041,0.002192951904484934,0.2797125410699923,1651,1.0,0.07077538698208875
non_financial_large_cap_revenue_1b,Non-financial companies with revenue >= $1B,HDBSCAN,Density-based,HDBSCAN|mcs=15|ms=10,,HDBSCAN assigned subset,Log10 Total Revenue,26.19489897812567,3.086367352342641e-07,0.016456498352792732,0.6760573735582209,1533,1.0,5.021105095602207e-07
non_financial_large_cap_revenue_1b,Non-financial companies with revenue >= $1B,HDBSCAN,Density-based,HDBSCAN|mcs=15|ms=10,,HDBSCAN assigned subset,Log10 MarketCap,0.5509850155995082,0.45791549641479046,0.0,0.0948510963086786,1533,1.0,0.4776343455427001
non_financial_large_cap_revenue_1b,Non-financial companies with revenue >= $1B,HDBSCAN,Density-based,HDBSCAN|mcs=15|ms=15,,All companies including noise,Log10 Total Revenue,31.87966005049846,1.19514273971338e-07,0.018130861681127708,0.6906689187952946,1651,1.0,2.0041624404424373e-07
non_financial_large_cap_revenue_1b,Non-financial companies with revenue >= $1B,HDBSCAN,Density-based,HDBSCAN|mcs=15|ms=15,,All companies including noise,Log10 MarketCap,5.518847356574952,0.06332825529306649,0.0021352229105430533,0.32274441300349643,1651,1.0,0.07266084028362366
non_financial_large_cap_revenue_1b,Non-financial companies with revenue >= $1B,HDBSCAN,Density-based,HDBSCAN|mcs=15|ms=15,,HDBSCAN assigned subset,Log10 Total Revenue,32.375928556203824,1.2705058063589803e-08,0.02040047370364358,0.6763595284430508,1540,1.0,2.4084370937935452e-08
non_financial_large_cap_revenue_1b,Non-financial companies with revenue >= $1B,HDBSCAN,Density-based,HDBSCAN|mcs=15|ms=15,,HDBSCAN assigned subset,Log10 MarketCap,1.5586264441162712,0.21186644862782322,0.0003632161535216327,0.14163057914157484,1540,1.0,0.22752160493037174
non_financial_large_cap_revenue_1b,Non-financial companies with revenue >= $1B,HDBSCAN,Density-based,HDBSCAN|mcs=20|ms=5,,All companies including noise,Log10 Total Revenue,20.298230936243154,3.9110661006639794e-05,0.011103295471021332,0.606740131055421,1651,1.0,5.5007252254499844e-05
non_financial_large_cap_revenue_1b,Non-financial companies with revenue >= $1B,HDBSCAN,Density-based,HDBSCAN|mcs=20|ms=5,,All companies including noise,Log10 MarketCap,5.097138935891053,0.07819344425936306,0.001879331878574668,0.1759720312994677,1651,1.0,0.08786686004402654
non_financial_large_cap_revenue_1b,Non-financial companies with revenue >= $1B,HDBSCAN,Density-based,HDBSCAN|mcs=20|ms=5,,HDBSCAN assigned subset,Log10 Total Revenue,19.51595986743297,9.976267291254182e-06,0.012246005203328683,0.5076468982073035,1514,1.0,1.510296020481536e-05
non_financial_large_cap_revenue_1b,Non-financial companies with revenue >= $1B,HDBSCAN,Density-based,HDBSCAN|mcs=20|ms=5,,HDBSCAN assigned subset,Log10 MarketCap,0.07370203871232661,0.7860209617744043,0.0,0.021354245334691768,1514,1.0,0.7932989336426858
non_financial_large_cap_revenue_1b,Non-financial companies with revenue >= $1B,HDBSCAN,Density-based,HDBSCAN|mcs=20|ms=10,,All companies including noise,Log10 Total Revenue,26.01225533137142,2.2465212132391235e-06,0.014570543283599163,0.689480600394619,1651,1.0,3.5233210394685536e-06
non_financial_large_cap_revenue_1b,Non-financial companies with revenue >= $1B,HDBSCAN,Density-based,HDBSCAN|mcs=20|ms=10,,All companies including noise,Log10 MarketCap,5.613984738591171,0.06038633935169041,0.002192951904484934,0.2797125410699923,1651,1.0,0.07077538698208875
non_financial_large_cap_revenue_1b,Non-financial companies with revenue >= $1B,HDBSCAN,Density-based,HDBSCAN|mcs=20|ms=10,,HDBSCAN assigned subset,Log10 Total Revenue,26.19489897812567,3.086367352342641e-07,0.016456498352792732,0.6760573735582209,1533,1.0,5.021105095602207e-07
non_financial_large_cap_revenue_1b,Non-financial companies with revenue >= $1B,HDBSCAN,Density-based,HDBSCAN|mcs=20|ms=10,,HDBSCAN assigned subset,Log10 MarketCap,0.5509850155995082,0.45791549641479046,0.0,0.0948510963086786,1533,1.0,0.4776343455427001
non_financial_large_cap_revenue_1b,Non-financial companies with revenue >= $1B,HDBSCAN,Density-based,HDBSCAN|mcs=20|ms=15,,All companies including noise,Log10 Total Revenue,31.87966005049846,1.19514273971338e-07,0.018130861681127708,0.6906689187952946,1651,1.0,2.0041624404424373e-07
non_financial_large_cap_revenue_1b,Non-financial companies with revenue >= $1B,HDBSCAN,Density-based,HDBSCAN|mcs=20|ms=15,,All companies including noise,Log10 MarketCap,5.518847356574952,0.06332825529306649,0.0021352229105430533,0.32274441300349643,1651,1.0,0.07266084028362366
non_financial_large_cap_revenue_1b,Non-financial companies with revenue >= $1B,HDBSCAN,Density-based,HDBSCAN|mcs=20|ms=15,,HDBSCAN assigned subset,Log10 Total Revenue,32.375928556203824,1.2705058063589803e-08,0.02040047370364358,0.6763595284430508,1540,1.0,2.4084370937935452e-08
non_financial_large_cap_revenue_1b,Non-financial companies with revenue >= $1B,HDBSCAN,Density-based,HDBSCAN|mcs=20|ms=15,,HDBSCAN assigned subset,Log10 MarketCap,1.5586264441162712,0.21186644862782322,0.0003632161535216327,0.14163057914157484,1540,1.0,0.22752160493037174
non_financial_large_cap_revenue_1b,Non-financial companies with revenue >= $1B,HDBSCAN,Density-based,HDBSCAN|mcs=25|ms=5,,All companies including noise,Log10 Total Revenue,20.298230936243154,3.9110661006639794e-05,0.011103295471021332,0.606740131055421,1651,1.0,5.5007252254499844e-05
non_financial_large_cap_revenue_1b,Non-financial companies with revenue >= $1B,HDBSCAN,Density-based,HDBSCAN|mcs=25|ms=5,,All companies including noise,Log10 MarketCap,5.097138935891053,0.07819344425936306,0.001879331878574668,0.1759720312994677,1651,1.0,0.08786686004402654
non_financial_large_cap_revenue_1b,Non-financial companies with revenue >= $1B,HDBSCAN,Density-based,HDBSCAN|mcs=25|ms=5,,HDBSCAN assigned subset,Log10 Total Revenue,19.51595986743297,9.976267291254182e-06,0.012246005203328683,0.5076468982073035,1514,1.0,1.510296020481536e-05
non_financial_large_cap_revenue_1b,Non-financial companies with revenue >= $1B,HDBSCAN,Density-based,HDBSCAN|mcs=25|ms=5,,HDBSCAN assigned subset,Log10 MarketCap,0.07370203871232661,0.7860209617744043,0.0,0.021354245334691768,1514,1.0,0.7932989336426858
non_financial_large_cap_revenue_1b,Non-financial companies with revenue >= $1B,HDBSCAN,Density-based,HDBSCAN|mcs=25|ms=10,,All companies including noise,Log10 Total Revenue,26.01225533137142,2.2465212132391235e-06,0.014570543283599163,0.689480600394619,1651,1.0,3.5233210394685536e-06
non_financial_large_cap_revenue_1b,Non-financial companies with revenue >= $1B,HDBSCAN,Density-based,HDBSCAN|mcs=25|ms=10,,All companies including noise,Log10 MarketCap,5.613984738591171,0.06038633935169041,0.002192951904484934,0.2797125410699923,1651,1.0,0.07077538698208875
non_financial_large_cap_revenue_1b,Non-financial companies with revenue >= $1B,HDBSCAN,Density-based,HDBSCAN|mcs=25|ms=10,,HDBSCAN assigned subset,Log10 Total Revenue,26.19489897812567,3.086367352342641e-07,0.016456498352792732,0.6760573735582209,1533,1.0,5.021105095602207e-07
non_financial_large_cap_revenue_1b,Non-financial companies with revenue >= $1B,HDBSCAN,Density-based,HDBSCAN|mcs=25|ms=10,,HDBSCAN assigned subset,Log10 MarketCap,0.5509850155995082,0.45791549641479046,0.0,0.0948510963086786,1533,1.0,0.4776343455427001
non_financial_large_cap_revenue_1b,Non-financial companies with revenue >= $1B,HDBSCAN,Density-based,HDBSCAN|mcs=25|ms=15,,All companies including noise,Log10 Total Revenue,31.87966005049846,1.19514273971338e-07,0.018130861681127708,0.6906689187952946,1651,1.0,2.0041624404424373e-07
non_financial_large_cap_revenue_1b,Non-financial companies with revenue >= $1B,HDBSCAN,Density-based,HDBSCAN|mcs=25|ms=15,,All companies including noise,Log10 MarketCap,5.518847356574952,0.06332825529306649,0.0021352229105430533,0.32274441300349643,1651,1.0,0.07266084028362366
non_financial_large_cap_revenue_1b,Non-financial companies with revenue >= $1B,HDBSCAN,Density-based,HDBSCAN|mcs=25|ms=15,,HDBSCAN assigned subset,Log10 Total Revenue,32.375928556203824,1.2705058063589803e-08,0.02040047370364358,0.6763595284430508,1540,1.0,2.4084370937935452e-08
non_financial_large_cap_revenue_1b,Non-financial companies with revenue >= $1B,HDBSCAN,Density-based,HDBSCAN|mcs=25|ms=15,,HDBSCAN assigned subset,Log10 MarketCap,1.5586264441162712,0.21186644862782322,0.0003632161535216327,0.14163057914157484,1540,1.0,0.22752160493037174
non_financial_large_cap_revenue_1b,Non-financial companies with revenue >= $1B,Autoencoder + K-Means,Neural full-assignment,Autoencoder + K-Means|K=4,42.0,All eligible companies,Log10 Total Revenue,57.52501064853668,1.985331572387097e-12,0.03310565309565069,0.5294766388139855,1651,1.0,4.653787986885883e-12
non_financial_large_cap_revenue_1b,Non-financial companies with revenue >= $1B,Autoencoder + K-Means,Neural full-assignment,Autoencoder + K-Means|K=4,42.0,All eligible companies,Log10 MarketCap,237.98127835422383,2.600441032219822e-51,0.1426723001543557,0.6520850263333955,1651,1.0,5.668961450239212e-49
non_financial_large_cap_revenue_1b,Non-financial companies with revenue >= $1B,DEC,Neural full-assignment,DEC|K=4,42.0,All eligible companies,Log10 Total Revenue,28.78979674779457,2.4791457749539073e-06,0.015658650120093848,0.2952482164078205,1651,1.0,3.86038413528537e-06
non_financial_large_cap_revenue_1b,Non-financial companies with revenue >= $1B,DEC,Neural full-assignment,DEC|K=4,42.0,All eligible companies,Log10 MarketCap,207.38590657383338,1.0693785120867084e-44,0.12409587527251571,0.695155067307283,1651,1.0,7.770817187830081e-43
non_financial_large_cap_revenue_1b,Non-financial companies with revenue >= $1B,Autoencoder + K-Means,Neural full-assignment,Autoencoder + K-Means|K=4,456.0,All eligible companies,Log10 Total Revenue,52.74534551292677,2.0774824127042133e-11,0.030203609904630703,0.46881212000602623,1651,1.0,4.668981092469263e-11
non_financial_large_cap_revenue_1b,Non-financial companies with revenue >= $1B,Autoencoder + K-Means,Neural full-assignment,Autoencoder + K-Means|K=4,456.0,All eligible companies,Log10 MarketCap,195.23484619464125,4.5156281177750485e-42,0.11671818226754174,0.8025233701220138,1651,1.0,2.4610173241874015e-40
non_financial_large_cap_revenue_1b,Non-financial companies with revenue >= $1B,DEC,Neural full-assignment,DEC|K=4,456.0,All eligible companies,Log10 Total Revenue,67.43061271948804,1.5146078610455354e-14,0.03911998343624046,0.4703807822412891,1651,1.0,4.8556546133518634e-14
non_financial_large_cap_revenue_1b,Non-financial companies with revenue >= $1B,DEC,Neural full-assignment,DEC|K=4,456.0,All eligible companies,Log10 MarketCap,215.33078470481905,2.051211009101688e-46,0.12891972356091017,0.6460052997693388,1651,1.0,2.2358199999208397e-44
non_financial_large_cap_revenue_1b,Non-financial companies with revenue >= $1B,Autoencoder + K-Means,Neural full-assignment,Autoencoder + K-Means|K=4,2026.0,All eligible companies,Log10 Total Revenue,141.8998662920006,1.4716192278257976e-30,0.08433507364420195,0.6215236018228829,1651,1.0,2.4677922435847992e-29
non_financial_large_cap_revenue_1b,Non-financial companies with revenue >= $1B,Autoencoder + K-Means,Neural full-assignment,Autoencoder + K-Means|K=4,2026.0,All eligible companies,Log10 MarketCap,32.848045427326724,3.4673434295044705e-07,0.018122674819263343,0.22708570757855284,1651,1.0,5.599117538014626e-07
non_financial_large_cap_revenue_1b,Non-financial companies with revenue >= $1B,DEC,Neural full-assignment,DEC|K=4,2026.0,All eligible companies,Log10 Total Revenue,90.10069884218785,2.0841467096946963e-19,0.052884455884752796,0.35063101672487207,1651,1.0,9.086879654268877e-19
non_financial_large_cap_revenue_1b,Non-financial companies with revenue >= $1B,DEC,Neural full-assignment,DEC|K=4,2026.0,All eligible companies,Log10 MarketCap,42.59992311611586,2.9925852149338377e-09,0.024043669165826266,0.3324295200219236,1651,1.0,6.154562045807327e-09
