Experiment Phase,Preprocessing Version,Scenario ID,Scenario Name,Method,Method Type,K,Common-Space Silhouette,Neural Seed Mean ARI,Mean Resampling ARI,Minimum Resampling ARI,Pareto Efficient,Common-Space Silhouette Rank,Mean Resampling ARI Rank,Minimum Resampling ARI Rank,Profiles Won,Separation-focused Weighted Rank,Balanced Weighted Rank,Stability-focused Weighted Rank,Profile Win Share
Canonical cross-cohort robustness,scenario_pipeline_v3_economic_validity,technology_revenue_25m,Technology companies with revenue >= $25M,Agglomerative,Traditional full-assignment,2,0.44506115467793256,,0.6230898007924941,0.28581457726935355,True,1.0,3.0,3.0,0,1.8,2.1999999999999997,2.5999999999999996,0.0
Canonical cross-cohort robustness,scenario_pipeline_v3_economic_validity,technology_revenue_25m,Technology companies with revenue >= $25M,K-Means,Traditional full-assignment,2,0.3906215619200194,,0.8629551009486646,0.6459171309958609,True,2.0,1.0,1.0,3,1.5999999999999999,1.4,1.2000000000000002,1.0
Canonical cross-cohort robustness,scenario_pipeline_v3_economic_validity,technology_revenue_25m,Technology companies with revenue >= $25M,Gaussian Mixture,Traditional full-assignment,2,0.2523357281439438,,0.7307214066771116,0.31184718753885804,False,3.0,2.0,2.0,0,2.5999999999999996,2.4000000000000004,2.2,0.0
Canonical cross-cohort robustness,scenario_pipeline_v3_economic_validity,technology_revenue_25m,Technology companies with revenue >= $25M,Autoencoder + K-Means,Neural full-assignment,4,0.2188443617723096,0.3524788173330815,0.414212766488656,0.25367430173160427,False,4.0,4.0,4.0,0,4.0,4.0,4.0,0.0
Canonical cross-cohort robustness,scenario_pipeline_v3_economic_validity,technology_revenue_25m,Technology companies with revenue >= $25M,DEC,Neural full-assignment,4,0.14956479065450412,0.4621902452929743,0.3707335325041185,0.18273241934630335,False,5.0,5.0,5.0,0,5.0,5.0,5.0,0.0
Canonical cross-cohort robustness,scenario_pipeline_v3_economic_validity,healthcare_revenue_50m,Healthcare companies with revenue >= $50M,Agglomerative,Traditional full-assignment,2,0.484145290449611,,0.8537698263915519,0.5450956322678036,True,1.0,2.0,2.0,1,1.4000000000000001,1.6,1.8,0.3333333333333333
Canonical cross-cohort robustness,scenario_pipeline_v3_economic_validity,healthcare_revenue_50m,Healthcare companies with revenue >= $50M,K-Means,Traditional full-assignment,2,0.47250100499989534,,0.9604459616460449,0.8599726899467569,True,2.0,1.0,1.0,2,1.5999999999999999,1.4,1.2000000000000002,0.6666666666666666
Canonical cross-cohort robustness,scenario_pipeline_v3_economic_validity,healthcare_revenue_50m,Healthcare companies with revenue >= $50M,Gaussian Mixture,Traditional full-assignment,2,0.2787236743227077,,0.6898981896144796,0.38602534361395335,False,3.0,3.0,3.0,0,3.0,3.0,3.0,0.0
Canonical cross-cohort robustness,scenario_pipeline_v3_economic_validity,healthcare_revenue_50m,Healthcare companies with revenue >= $50M,Autoencoder + K-Means,Neural full-assignment,4,0.25197562180834226,0.4650603440001185,0.4784972864549891,0.26872918331600787,False,4.0,4.0,4.0,0,4.0,4.0,4.0,0.0
Canonical cross-cohort robustness,scenario_pipeline_v3_economic_validity,healthcare_revenue_50m,Healthcare companies with revenue >= $50M,DEC,Neural full-assignment,4,0.20542379229760574,0.43758416279256745,0.4137193250921153,0.17367768540747397,False,5.0,5.0,5.0,0,5.0,5.0,5.0,0.0
Canonical cross-cohort robustness,scenario_pipeline_v3_economic_validity,industrials_revenue_20m,Industrials companies with revenue >= $20M,K-Means,Traditional full-assignment,3,0.5027037840163403,,0.9309573515361484,0.8182353107534184,True,1.0,1.0,1.0,3,1.0,1.0,1.0,1.0
Canonical cross-cohort robustness,scenario_pipeline_v3_economic_validity,industrials_revenue_20m,Industrials companies with revenue >= $20M,Agglomerative,Traditional full-assignment,3,0.49100126998958327,,0.8245283481178527,0.591869455327852,False,2.0,2.0,2.0,0,2.0,2.0,2.0,0.0
Canonical cross-cohort robustness,scenario_pipeline_v3_economic_validity,industrials_revenue_20m,Industrials companies with revenue >= $20M,Gaussian Mixture,Traditional full-assignment,2,0.288963753349381,,0.6378020502733406,0.26540404567446163,False,4.0,3.0,4.0,0,3.75,3.65,3.5500000000000003,0.0
Canonical cross-cohort robustness,scenario_pipeline_v3_economic_validity,industrials_revenue_20m,Industrials companies with revenue >= $20M,Autoencoder + K-Means,Neural full-assignment,4,0.29398075600444307,0.46781556796153917,0.4198093641799353,0.3310296052762203,False,3.0,4.0,3.0,0,3.25,3.35,3.45,0.0
Canonical cross-cohort robustness,scenario_pipeline_v3_economic_validity,industrials_revenue_20m,Industrials companies with revenue >= $20M,DEC,Neural full-assignment,4,0.16213241498996758,0.3776202606493615,0.33602317460281145,0.23314925095232575,False,5.0,5.0,5.0,0,5.0,5.0,5.0,0.0
Canonical cross-cohort robustness,scenario_pipeline_v3_economic_validity,consumer_cyclical_revenue_20m,Consumer Cyclical companies with revenue >= $20M,K-Means,Traditional full-assignment,3,0.42797017190429887,,0.8902096868916485,0.6147864818651694,True,1.0,1.0,1.0,3,1.0,1.0,1.0,1.0
Canonical cross-cohort robustness,scenario_pipeline_v3_economic_validity,consumer_cyclical_revenue_20m,Consumer Cyclical companies with revenue >= $20M,Agglomerative,Traditional full-assignment,3,0.36783750095887086,,0.7208313981822768,0.351131901177046,False,2.0,2.0,2.0,0,2.0,2.0,2.0,0.0
Canonical cross-cohort robustness,scenario_pipeline_v3_economic_validity,consumer_cyclical_revenue_20m,Consumer Cyclical companies with revenue >= $20M,Gaussian Mixture,Traditional full-assignment,2,0.23189510722820927,,0.5863991325849318,0.15383658760085253,False,3.0,3.0,5.0,0,3.3,3.5,3.7,0.0
Canonical cross-cohort robustness,scenario_pipeline_v3_economic_validity,consumer_cyclical_revenue_20m,Consumer Cyclical companies with revenue >= $20M,Autoencoder + K-Means,Neural full-assignment,4,0.1938911107185691,0.40217438542193723,0.40929621495964763,0.24785058043368766,False,4.0,4.0,3.0,0,3.8499999999999996,3.75,3.65,0.0
Canonical cross-cohort robustness,scenario_pipeline_v3_economic_validity,consumer_cyclical_revenue_20m,Consumer Cyclical companies with revenue >= $20M,DEC,Neural full-assignment,4,0.1628009054989247,0.4026089143697556,0.39920163779453843,0.23876239676264044,False,5.0,5.0,4.0,0,4.85,4.75,4.65,0.0
Canonical cross-cohort robustness,scenario_pipeline_v3_economic_validity,non_financial_large_cap_revenue_1b,Non-financial companies with revenue >= $1B,Agglomerative,Traditional full-assignment,2,0.596074030176157,,0.8078500464963764,0.49477944773390764,True,1.0,3.0,3.0,0,1.8,2.1999999999999997,2.5999999999999996,0.0
Canonical cross-cohort robustness,scenario_pipeline_v3_economic_validity,non_financial_large_cap_revenue_1b,Non-financial companies with revenue >= $1B,K-Means,Traditional full-assignment,2,0.5759981888852561,,0.9591802416748626,0.8355222757530573,True,2.0,1.0,1.0,3,1.5999999999999999,1.4,1.2000000000000002,1.0
Canonical cross-cohort robustness,scenario_pipeline_v3_economic_validity,non_financial_large_cap_revenue_1b,Non-financial companies with revenue >= $1B,Gaussian Mixture,Traditional full-assignment,2,0.22079898709840845,,0.9023515710718263,0.7442242851755334,False,3.0,2.0,2.0,0,2.5999999999999996,2.4000000000000004,2.2,0.0
Canonical cross-cohort robustness,scenario_pipeline_v3_economic_validity,non_financial_large_cap_revenue_1b,Non-financial companies with revenue >= $1B,Autoencoder + K-Means,Neural full-assignment,4,0.16164815664179646,0.3995863749921312,0.310644791109722,0.17156646253964336,False,4.0,5.0,5.0,0,4.4,4.6,4.8,0.0
Canonical cross-cohort robustness,scenario_pipeline_v3_economic_validity,non_financial_large_cap_revenue_1b,Non-financial companies with revenue >= $1B,DEC,Neural full-assignment,4,0.09739472106223214,0.23306346126870578,0.3176176724087433,0.2177257049585754,False,5.0,4.0,4.0,0,4.6,4.4,4.199999999999999,0.0
