Scenario ID,Scenario Name,Replicate,Seed,Sample Size,Hopkins Statistic
technology_revenue_25m,Technology companies with revenue >= $25M,0,30000,58,0.8535920359967557
technology_revenue_25m,Technology companies with revenue >= $25M,1,30001,58,0.8694147765971619
technology_revenue_25m,Technology companies with revenue >= $25M,2,30002,58,0.9019115184071135
technology_revenue_25m,Technology companies with revenue >= $25M,3,30003,58,0.845492481692667
technology_revenue_25m,Technology companies with revenue >= $25M,4,30004,58,0.9937967405374677
technology_revenue_25m,Technology companies with revenue >= $25M,5,30005,58,0.9876856577940554
technology_revenue_25m,Technology companies with revenue >= $25M,6,30006,58,0.9931827384140341
technology_revenue_25m,Technology companies with revenue >= $25M,7,30007,58,0.9978425506093606
technology_revenue_25m,Technology companies with revenue >= $25M,8,30008,58,0.9876056088461561
technology_revenue_25m,Technology companies with revenue >= $25M,9,30009,58,0.9934426777767568
technology_revenue_25m,Technology companies with revenue >= $25M,10,30010,58,0.993382513506524
technology_revenue_25m,Technology companies with revenue >= $25M,11,30011,58,0.9973830818695287
technology_revenue_25m,Technology companies with revenue >= $25M,12,30012,58,0.9986125115269892
technology_revenue_25m,Technology companies with revenue >= $25M,13,30013,58,0.9739852123383199
technology_revenue_25m,Technology companies with revenue >= $25M,14,30014,58,0.9851206826059161
technology_revenue_25m,Technology companies with revenue >= $25M,15,30015,58,0.9371459112125032
technology_revenue_25m,Technology companies with revenue >= $25M,16,30016,58,0.8756166624302323
technology_revenue_25m,Technology companies with revenue >= $25M,17,30017,58,0.989196929649194
technology_revenue_25m,Technology companies with revenue >= $25M,18,30018,58,0.8914066992018834
technology_revenue_25m,Technology companies with revenue >= $25M,19,30019,58,0.9882753545363107
technology_revenue_25m,Technology companies with revenue >= $25M,20,30020,58,0.9830125407330963
technology_revenue_25m,Technology companies with revenue >= $25M,21,30021,58,0.9969617699517737
technology_revenue_25m,Technology companies with revenue >= $25M,22,30022,58,0.9974018113131561
technology_revenue_25m,Technology companies with revenue >= $25M,23,30023,58,0.9953227959123927
technology_revenue_25m,Technology companies with revenue >= $25M,24,30024,58,0.9987111681721343
healthcare_revenue_50m,Healthcare companies with revenue >= $50M,0,40000,44,0.9947522006171309
healthcare_revenue_50m,Healthcare companies with revenue >= $50M,1,40001,44,0.9890839858463372
healthcare_revenue_50m,Healthcare companies with revenue >= $50M,2,40002,44,0.9990507768859569
healthcare_revenue_50m,Healthcare companies with revenue >= $50M,3,40003,44,0.9991519859908775
healthcare_revenue_50m,Healthcare companies with revenue >= $50M,4,40004,44,0.9858268227531477
healthcare_revenue_50m,Healthcare companies with revenue >= $50M,5,40005,44,0.9956963900110122
healthcare_revenue_50m,Healthcare companies with revenue >= $50M,6,40006,44,0.9980083036579837
healthcare_revenue_50m,Healthcare companies with revenue >= $50M,7,40007,44,0.9953723316808695
healthcare_revenue_50m,Healthcare companies with revenue >= $50M,8,40008,44,0.9947910623073652
healthcare_revenue_50m,Healthcare companies with revenue >= $50M,9,40009,44,0.999786413982789
healthcare_revenue_50m,Healthcare companies with revenue >= $50M,10,40010,44,0.9995996098048506
healthcare_revenue_50m,Healthcare companies with revenue >= $50M,11,40011,44,0.9980233714913744
healthcare_revenue_50m,Healthcare companies with revenue >= $50M,12,40012,44,0.9996463868701744
healthcare_revenue_50m,Healthcare companies with revenue >= $50M,13,40013,44,0.9976909407544102
healthcare_revenue_50m,Healthcare companies with revenue >= $50M,14,40014,44,0.988043833539256
healthcare_revenue_50m,Healthcare companies with revenue >= $50M,15,40015,44,0.9892821535331046
healthcare_revenue_50m,Healthcare companies with revenue >= $50M,16,40016,44,0.9996285291500643
healthcare_revenue_50m,Healthcare companies with revenue >= $50M,17,40017,44,0.9993417012837612
healthcare_revenue_50m,Healthcare companies with revenue >= $50M,18,40018,44,0.9856363951033089
healthcare_revenue_50m,Healthcare companies with revenue >= $50M,19,40019,44,0.9989873596076935
healthcare_revenue_50m,Healthcare companies with revenue >= $50M,20,40020,44,0.9891339936657891
healthcare_revenue_50m,Healthcare companies with revenue >= $50M,21,40021,44,0.9998313070778058
healthcare_revenue_50m,Healthcare companies with revenue >= $50M,22,40022,44,0.9991880498267565
healthcare_revenue_50m,Healthcare companies with revenue >= $50M,23,40023,44,0.9912091724724333
healthcare_revenue_50m,Healthcare companies with revenue >= $50M,24,40024,44,0.9938779261696747
industrials_revenue_20m,Industrials companies with revenue >= $20M,0,50000,56,0.996739155005068
industrials_revenue_20m,Industrials companies with revenue >= $20M,1,50001,56,0.9966206840427476
industrials_revenue_20m,Industrials companies with revenue >= $20M,2,50002,56,0.9895845857146518
industrials_revenue_20m,Industrials companies with revenue >= $20M,3,50003,56,0.8616217841968493
industrials_revenue_20m,Industrials companies with revenue >= $20M,4,50004,56,0.9995565501026434
industrials_revenue_20m,Industrials companies with revenue >= $20M,5,50005,56,0.9549777975029698
industrials_revenue_20m,Industrials companies with revenue >= $20M,6,50006,56,0.817975165908959
industrials_revenue_20m,Industrials companies with revenue >= $20M,7,50007,56,0.9777413796574291
industrials_revenue_20m,Industrials companies with revenue >= $20M,8,50008,56,0.9947631751102798
industrials_revenue_20m,Industrials companies with revenue >= $20M,9,50009,56,0.9334828265751002
industrials_revenue_20m,Industrials companies with revenue >= $20M,10,50010,56,0.997370398874017
industrials_revenue_20m,Industrials companies with revenue >= $20M,11,50011,56,0.9394305831003634
industrials_revenue_20m,Industrials companies with revenue >= $20M,12,50012,56,0.941650763859426
industrials_revenue_20m,Industrials companies with revenue >= $20M,13,50013,56,0.969700743037746
industrials_revenue_20m,Industrials companies with revenue >= $20M,14,50014,56,0.9713237716535559
industrials_revenue_20m,Industrials companies with revenue >= $20M,15,50015,56,0.9973500920771126
industrials_revenue_20m,Industrials companies with revenue >= $20M,16,50016,56,0.995883632194803
industrials_revenue_20m,Industrials companies with revenue >= $20M,17,50017,56,0.9576011195422062
industrials_revenue_20m,Industrials companies with revenue >= $20M,18,50018,56,0.9541006364732064
industrials_revenue_20m,Industrials companies with revenue >= $20M,19,50019,56,0.9979518497555712
industrials_revenue_20m,Industrials companies with revenue >= $20M,20,50020,56,0.8918574174351688
industrials_revenue_20m,Industrials companies with revenue >= $20M,21,50021,56,0.9990451734766723
industrials_revenue_20m,Industrials companies with revenue >= $20M,22,50022,56,0.9985366513434026
industrials_revenue_20m,Industrials companies with revenue >= $20M,23,50023,56,0.8212051182143028
industrials_revenue_20m,Industrials companies with revenue >= $20M,24,50024,56,0.9992578269229729
consumer_cyclical_revenue_20m,Consumer Cyclical companies with revenue >= $20M,0,60000,47,0.9977809583771156
consumer_cyclical_revenue_20m,Consumer Cyclical companies with revenue >= $20M,1,60001,47,0.9938586468477951
consumer_cyclical_revenue_20m,Consumer Cyclical companies with revenue >= $20M,2,60002,47,0.9916968166750092
consumer_cyclical_revenue_20m,Consumer Cyclical companies with revenue >= $20M,3,60003,47,0.9966566528304062
consumer_cyclical_revenue_20m,Consumer Cyclical companies with revenue >= $20M,4,60004,47,0.996256046480828
consumer_cyclical_revenue_20m,Consumer Cyclical companies with revenue >= $20M,5,60005,47,0.9926055607225537
consumer_cyclical_revenue_20m,Consumer Cyclical companies with revenue >= $20M,6,60006,47,0.9975653666558462
consumer_cyclical_revenue_20m,Consumer Cyclical companies with revenue >= $20M,7,60007,47,0.945819751134755
consumer_cyclical_revenue_20m,Consumer Cyclical companies with revenue >= $20M,8,60008,47,0.9899168226777193
consumer_cyclical_revenue_20m,Consumer Cyclical companies with revenue >= $20M,9,60009,47,0.9986246656688931
consumer_cyclical_revenue_20m,Consumer Cyclical companies with revenue >= $20M,10,60010,47,0.9963939668460581
consumer_cyclical_revenue_20m,Consumer Cyclical companies with revenue >= $20M,11,60011,47,0.9548201434603586
consumer_cyclical_revenue_20m,Consumer Cyclical companies with revenue >= $20M,12,60012,47,0.9971097332268977
consumer_cyclical_revenue_20m,Consumer Cyclical companies with revenue >= $20M,13,60013,47,0.9907342422217931
consumer_cyclical_revenue_20m,Consumer Cyclical companies with revenue >= $20M,14,60014,47,0.9937909332206714
consumer_cyclical_revenue_20m,Consumer Cyclical companies with revenue >= $20M,15,60015,47,0.988521150535645
consumer_cyclical_revenue_20m,Consumer Cyclical companies with revenue >= $20M,16,60016,47,0.9996253787348132
consumer_cyclical_revenue_20m,Consumer Cyclical companies with revenue >= $20M,17,60017,47,0.995404240101247
consumer_cyclical_revenue_20m,Consumer Cyclical companies with revenue >= $20M,18,60018,47,0.9968522385561842
consumer_cyclical_revenue_20m,Consumer Cyclical companies with revenue >= $20M,19,60019,47,0.9981515189310596
consumer_cyclical_revenue_20m,Consumer Cyclical companies with revenue >= $20M,20,60020,47,0.998027822917013
consumer_cyclical_revenue_20m,Consumer Cyclical companies with revenue >= $20M,21,60021,47,0.9977147538476013
consumer_cyclical_revenue_20m,Consumer Cyclical companies with revenue >= $20M,22,60022,47,0.9987302520898919
consumer_cyclical_revenue_20m,Consumer Cyclical companies with revenue >= $20M,23,60023,47,0.9592365653274229
consumer_cyclical_revenue_20m,Consumer Cyclical companies with revenue >= $20M,24,60024,47,0.9537474784517248
non_financial_large_cap_revenue_1b,Non-financial companies with revenue >= $1B,0,70000,100,0.9637791607853395
non_financial_large_cap_revenue_1b,Non-financial companies with revenue >= $1B,1,70001,100,0.9867447383255255
non_financial_large_cap_revenue_1b,Non-financial companies with revenue >= $1B,2,70002,100,0.9834272762819244
non_financial_large_cap_revenue_1b,Non-financial companies with revenue >= $1B,3,70003,100,0.9943925706825055
non_financial_large_cap_revenue_1b,Non-financial companies with revenue >= $1B,4,70004,100,0.976139855386599
non_financial_large_cap_revenue_1b,Non-financial companies with revenue >= $1B,5,70005,100,0.9769072167591906
non_financial_large_cap_revenue_1b,Non-financial companies with revenue >= $1B,6,70006,100,0.9890403834533997
non_financial_large_cap_revenue_1b,Non-financial companies with revenue >= $1B,7,70007,100,0.9913938023012954
non_financial_large_cap_revenue_1b,Non-financial companies with revenue >= $1B,8,70008,100,0.9957447138981196
non_financial_large_cap_revenue_1b,Non-financial companies with revenue >= $1B,9,70009,100,0.9910824428621086
non_financial_large_cap_revenue_1b,Non-financial companies with revenue >= $1B,10,70010,100,0.9880669086668712
non_financial_large_cap_revenue_1b,Non-financial companies with revenue >= $1B,11,70011,100,0.986808831701445
non_financial_large_cap_revenue_1b,Non-financial companies with revenue >= $1B,12,70012,100,0.9907361359738021
non_financial_large_cap_revenue_1b,Non-financial companies with revenue >= $1B,13,70013,100,0.9791221366697299
non_financial_large_cap_revenue_1b,Non-financial companies with revenue >= $1B,14,70014,100,0.9937492285775821
non_financial_large_cap_revenue_1b,Non-financial companies with revenue >= $1B,15,70015,100,0.9773284071623591
non_financial_large_cap_revenue_1b,Non-financial companies with revenue >= $1B,16,70016,100,0.9889071813592273
non_financial_large_cap_revenue_1b,Non-financial companies with revenue >= $1B,17,70017,100,0.9969225078594929
non_financial_large_cap_revenue_1b,Non-financial companies with revenue >= $1B,18,70018,100,0.9941197666063705
non_financial_large_cap_revenue_1b,Non-financial companies with revenue >= $1B,19,70019,100,0.987638929424581
non_financial_large_cap_revenue_1b,Non-financial companies with revenue >= $1B,20,70020,100,0.994773974602723
non_financial_large_cap_revenue_1b,Non-financial companies with revenue >= $1B,21,70021,100,0.9814283405382073
non_financial_large_cap_revenue_1b,Non-financial companies with revenue >= $1B,22,70022,100,0.9812079124332487
non_financial_large_cap_revenue_1b,Non-financial companies with revenue >= $1B,23,70023,100,0.9815150284277046
non_financial_large_cap_revenue_1b,Non-financial companies with revenue >= $1B,24,70024,100,0.9981469463721162
