Experiment Phase,Preprocessing Version,Scenario ID,Scenario Name,Method,Seed A,Seed B,ARI,NMI
Canonical cross-cohort robustness,scenario_pipeline_v3_economic_validity,technology_revenue_25m,Technology companies with revenue >= $25M,Autoencoder + K-Means,42,456,0.3120486558047834,0.32983908657549826
Canonical cross-cohort robustness,scenario_pipeline_v3_economic_validity,technology_revenue_25m,Technology companies with revenue >= $25M,Autoencoder + K-Means,42,2026,0.3267380136641477,0.36172742273981745
Canonical cross-cohort robustness,scenario_pipeline_v3_economic_validity,technology_revenue_25m,Technology companies with revenue >= $25M,Autoencoder + K-Means,456,2026,0.4186497825303135,0.41383084084919186
Canonical cross-cohort robustness,scenario_pipeline_v3_economic_validity,technology_revenue_25m,Technology companies with revenue >= $25M,DEC,42,456,0.4063025663573617,0.44305148926264537
Canonical cross-cohort robustness,scenario_pipeline_v3_economic_validity,technology_revenue_25m,Technology companies with revenue >= $25M,DEC,42,2026,0.3375000945778891,0.40268290069692014
Canonical cross-cohort robustness,scenario_pipeline_v3_economic_validity,technology_revenue_25m,Technology companies with revenue >= $25M,DEC,456,2026,0.6427680749436723,0.6380619205429726
Canonical cross-cohort robustness,scenario_pipeline_v3_economic_validity,healthcare_revenue_50m,Healthcare companies with revenue >= $50M,Autoencoder + K-Means,42,456,0.5069810796708205,0.523681515078422
Canonical cross-cohort robustness,scenario_pipeline_v3_economic_validity,healthcare_revenue_50m,Healthcare companies with revenue >= $50M,Autoencoder + K-Means,42,2026,0.5106976811745368,0.5237160195708789
Canonical cross-cohort robustness,scenario_pipeline_v3_economic_validity,healthcare_revenue_50m,Healthcare companies with revenue >= $50M,Autoencoder + K-Means,456,2026,0.3775022711549981,0.47078792384777984
Canonical cross-cohort robustness,scenario_pipeline_v3_economic_validity,healthcare_revenue_50m,Healthcare companies with revenue >= $50M,DEC,42,456,0.5069463507677903,0.5472852897531372
Canonical cross-cohort robustness,scenario_pipeline_v3_economic_validity,healthcare_revenue_50m,Healthcare companies with revenue >= $50M,DEC,42,2026,0.4335953496264167,0.4834161176603756
Canonical cross-cohort robustness,scenario_pipeline_v3_economic_validity,healthcare_revenue_50m,Healthcare companies with revenue >= $50M,DEC,456,2026,0.37221078798349533,0.4341632481782098
Canonical cross-cohort robustness,scenario_pipeline_v3_economic_validity,industrials_revenue_20m,Industrials companies with revenue >= $20M,Autoencoder + K-Means,42,456,0.3473344919101398,0.43809055310546663
Canonical cross-cohort robustness,scenario_pipeline_v3_economic_validity,industrials_revenue_20m,Industrials companies with revenue >= $20M,Autoencoder + K-Means,42,2026,0.5849138582966873,0.5492731455796377
Canonical cross-cohort robustness,scenario_pipeline_v3_economic_validity,industrials_revenue_20m,Industrials companies with revenue >= $20M,Autoencoder + K-Means,456,2026,0.47119835367779034,0.5318896419102926
Canonical cross-cohort robustness,scenario_pipeline_v3_economic_validity,industrials_revenue_20m,Industrials companies with revenue >= $20M,DEC,42,456,0.3047080036010433,0.4382686995238153
Canonical cross-cohort robustness,scenario_pipeline_v3_economic_validity,industrials_revenue_20m,Industrials companies with revenue >= $20M,DEC,42,2026,0.4100563761662762,0.4613169417581135
Canonical cross-cohort robustness,scenario_pipeline_v3_economic_validity,industrials_revenue_20m,Industrials companies with revenue >= $20M,DEC,456,2026,0.418096402180765,0.49592957687410555
Canonical cross-cohort robustness,scenario_pipeline_v3_economic_validity,consumer_cyclical_revenue_20m,Consumer Cyclical companies with revenue >= $20M,Autoencoder + K-Means,42,456,0.3029375259470905,0.4236832220415006
Canonical cross-cohort robustness,scenario_pipeline_v3_economic_validity,consumer_cyclical_revenue_20m,Consumer Cyclical companies with revenue >= $20M,Autoencoder + K-Means,42,2026,0.5525915705578717,0.5417881493212694
Canonical cross-cohort robustness,scenario_pipeline_v3_economic_validity,consumer_cyclical_revenue_20m,Consumer Cyclical companies with revenue >= $20M,Autoencoder + K-Means,456,2026,0.3509940597608493,0.44287319136980946
Canonical cross-cohort robustness,scenario_pipeline_v3_economic_validity,consumer_cyclical_revenue_20m,Consumer Cyclical companies with revenue >= $20M,DEC,42,456,0.2682402643026817,0.3793294881307521
Canonical cross-cohort robustness,scenario_pipeline_v3_economic_validity,consumer_cyclical_revenue_20m,Consumer Cyclical companies with revenue >= $20M,DEC,42,2026,0.6167286119457162,0.6035856660480242
Canonical cross-cohort robustness,scenario_pipeline_v3_economic_validity,consumer_cyclical_revenue_20m,Consumer Cyclical companies with revenue >= $20M,DEC,456,2026,0.32285786686086887,0.42150853748535566
Canonical cross-cohort robustness,scenario_pipeline_v3_economic_validity,non_financial_large_cap_revenue_1b,Non-financial companies with revenue >= $1B,Autoencoder + K-Means,42,456,0.4756849011858705,0.5146372889540737
Canonical cross-cohort robustness,scenario_pipeline_v3_economic_validity,non_financial_large_cap_revenue_1b,Non-financial companies with revenue >= $1B,Autoencoder + K-Means,42,2026,0.39687045949006816,0.4030117152258188
Canonical cross-cohort robustness,scenario_pipeline_v3_economic_validity,non_financial_large_cap_revenue_1b,Non-financial companies with revenue >= $1B,Autoencoder + K-Means,456,2026,0.32620376430045483,0.400812297239677
Canonical cross-cohort robustness,scenario_pipeline_v3_economic_validity,non_financial_large_cap_revenue_1b,Non-financial companies with revenue >= $1B,DEC,42,456,0.32447706375193924,0.3325974961514478
Canonical cross-cohort robustness,scenario_pipeline_v3_economic_validity,non_financial_large_cap_revenue_1b,Non-financial companies with revenue >= $1B,DEC,42,2026,0.1790737557869673,0.19005142057294688
Canonical cross-cohort robustness,scenario_pipeline_v3_economic_validity,non_financial_large_cap_revenue_1b,Non-financial companies with revenue >= $1B,DEC,456,2026,0.19563956426721074,0.266063374293127
