Experiment Phase,Preprocessing Version,Scenario ID,Scenario Name,Sector Filter,Revenue Minimum,Revenue Maximum,N Companies,Model,K,Native Evaluation Space,Common Evaluation Space,Silhouette Score,Davies-Bouldin Index,Calinski-Harabasz Score,Common-Space Silhouette Score,Common-Space Davies-Bouldin Index,Common-Space Calinski-Harabasz Score,Evaluation Coverage,Inertia,AIC,BIC,Noise Share,Min Cluster Size,Min Samples
Canonical cross-cohort robustness,scenario_pipeline_v3_economic_validity,technology_revenue_25m,Technology companies with revenue >= $25M,Technology,25000000,inf,587,K-Means,2,Scenario-specific scaled KPI-8,Scenario-specific scaled KPI-8,0.3906215619200194,1.2655168119183096,242.87830802803828,0.3906215619200194,1.2655168119183096,242.87830802803828,1.0,3714.061706895429,,,,,
Canonical cross-cohort robustness,scenario_pipeline_v3_economic_validity,technology_revenue_25m,Technology companies with revenue >= $25M,Technology,25000000,inf,587,K-Means,3,Scenario-specific scaled KPI-8,Scenario-specific scaled KPI-8,0.37355112832276505,1.2074267824733083,220.5964859174097,0.37355112832276505,1.2074267824733083,220.5964859174097,1.0,2994.10467389665,,,,,
Canonical cross-cohort robustness,scenario_pipeline_v3_economic_validity,technology_revenue_25m,Technology companies with revenue >= $25M,Technology,25000000,inf,587,K-Means,4,Scenario-specific scaled KPI-8,Scenario-specific scaled KPI-8,0.20524974209180122,1.4242519236176125,193.28501848663322,0.20524974209180122,1.4242519236176125,193.28501848663322,1.0,2635.134104658509,,,,,
Canonical cross-cohort robustness,scenario_pipeline_v3_economic_validity,technology_revenue_25m,Technology companies with revenue >= $25M,Technology,25000000,inf,587,K-Means,5,Scenario-specific scaled KPI-8,Scenario-specific scaled KPI-8,0.23708661665201977,1.298965955470944,183.67210623903264,0.23708661665201977,1.298965955470944,183.67210623903264,1.0,2323.2701862015524,,,,,
Canonical cross-cohort robustness,scenario_pipeline_v3_economic_validity,technology_revenue_25m,Technology companies with revenue >= $25M,Technology,25000000,inf,587,K-Means,6,Scenario-specific scaled KPI-8,Scenario-specific scaled KPI-8,0.20172210200204724,1.3655815697260456,170.9442209033985,0.20172210200204724,1.3655815697260456,170.9442209033985,1.0,2126.991725210395,,,,,
Canonical cross-cohort robustness,scenario_pipeline_v3_economic_validity,technology_revenue_25m,Technology companies with revenue >= $25M,Technology,25000000,inf,587,K-Means,7,Scenario-specific scaled KPI-8,Scenario-specific scaled KPI-8,0.2026716282456094,1.4154397568990293,161.47912054116765,0.2026716282456094,1.4154397568990293,161.47912054116765,1.0,1968.2100883066228,,,,,
Canonical cross-cohort robustness,scenario_pipeline_v3_economic_validity,technology_revenue_25m,Technology companies with revenue >= $25M,Technology,25000000,inf,587,K-Means,8,Scenario-specific scaled KPI-8,Scenario-specific scaled KPI-8,0.20567612553421705,1.334789467596545,151.853950282662,0.20567612553421705,1.334789467596545,151.853950282662,1.0,1853.4081745576639,,,,,
Canonical cross-cohort robustness,scenario_pipeline_v3_economic_validity,technology_revenue_25m,Technology companies with revenue >= $25M,Technology,25000000,inf,587,K-Means,9,Scenario-specific scaled KPI-8,Scenario-specific scaled KPI-8,0.21273311656902721,1.2677049976015546,144.40955962614137,0.21273311656902721,1.2677049976015546,144.40955962614137,1.0,1752.816128493981,,,,,
Canonical cross-cohort robustness,scenario_pipeline_v3_economic_validity,technology_revenue_25m,Technology companies with revenue >= $25M,Technology,25000000,inf,587,K-Means,10,Scenario-specific scaled KPI-8,Scenario-specific scaled KPI-8,0.20820703660483167,1.2606340072750368,138.44773215636667,0.20820703660483167,1.2606340072750368,138.44773215636667,1.0,1663.5729413502424,,,,,
Canonical cross-cohort robustness,scenario_pipeline_v3_economic_validity,technology_revenue_25m,Technology companies with revenue >= $25M,Technology,25000000,inf,587,Agglomerative,2,Scenario-specific scaled KPI-8,Scenario-specific scaled KPI-8,0.44506115467793256,0.9606482865393691,190.8869336461766,0.44506115467793256,0.9606482865393691,190.8869336461766,1.0,,,,,,
Canonical cross-cohort robustness,scenario_pipeline_v3_economic_validity,technology_revenue_25m,Technology companies with revenue >= $25M,Technology,25000000,inf,587,Agglomerative,3,Scenario-specific scaled KPI-8,Scenario-specific scaled KPI-8,0.4141914684976668,1.1173275211727023,189.41303697527195,0.4141914684976668,1.1173275211727023,189.41303697527195,1.0,,,,,,
Canonical cross-cohort robustness,scenario_pipeline_v3_economic_validity,technology_revenue_25m,Technology companies with revenue >= $25M,Technology,25000000,inf,587,Agglomerative,4,Scenario-specific scaled KPI-8,Scenario-specific scaled KPI-8,0.2512027596788829,1.2804836275470624,168.1286905654077,0.2512027596788829,1.2804836275470624,168.1286905654077,1.0,,,,,,
Canonical cross-cohort robustness,scenario_pipeline_v3_economic_validity,technology_revenue_25m,Technology companies with revenue >= $25M,Technology,25000000,inf,587,Agglomerative,5,Scenario-specific scaled KPI-8,Scenario-specific scaled KPI-8,0.2201667703608642,1.3492264017692697,162.91641645345067,0.2201667703608642,1.3492264017692697,162.91641645345067,1.0,,,,,,
Canonical cross-cohort robustness,scenario_pipeline_v3_economic_validity,technology_revenue_25m,Technology companies with revenue >= $25M,Technology,25000000,inf,587,Agglomerative,6,Scenario-specific scaled KPI-8,Scenario-specific scaled KPI-8,0.16436605588284214,1.473311170426001,153.29792691399794,0.16436605588284214,1.473311170426001,153.29792691399794,1.0,,,,,,
Canonical cross-cohort robustness,scenario_pipeline_v3_economic_validity,technology_revenue_25m,Technology companies with revenue >= $25M,Technology,25000000,inf,587,Agglomerative,7,Scenario-specific scaled KPI-8,Scenario-specific scaled KPI-8,0.1716559357157165,1.5433605178829881,144.1394392759433,0.1716559357157165,1.5433605178829881,144.1394392759433,1.0,,,,,,
Canonical cross-cohort robustness,scenario_pipeline_v3_economic_validity,technology_revenue_25m,Technology companies with revenue >= $25M,Technology,25000000,inf,587,Agglomerative,8,Scenario-specific scaled KPI-8,Scenario-specific scaled KPI-8,0.17357907822662325,1.539158235077294,135.53367761561523,0.17357907822662325,1.539158235077294,135.53367761561523,1.0,,,,,,
Canonical cross-cohort robustness,scenario_pipeline_v3_economic_validity,technology_revenue_25m,Technology companies with revenue >= $25M,Technology,25000000,inf,587,Agglomerative,9,Scenario-specific scaled KPI-8,Scenario-specific scaled KPI-8,0.17157151092710068,1.5387789256709228,129.45416408714112,0.17157151092710068,1.5387789256709228,129.45416408714112,1.0,,,,,,
Canonical cross-cohort robustness,scenario_pipeline_v3_economic_validity,technology_revenue_25m,Technology companies with revenue >= $25M,Technology,25000000,inf,587,Agglomerative,10,Scenario-specific scaled KPI-8,Scenario-specific scaled KPI-8,0.17657139950561548,1.4279096322117948,123.99562604175544,0.17657139950561548,1.4279096322117948,123.99562604175544,1.0,,,,,,
Canonical cross-cohort robustness,scenario_pipeline_v3_economic_validity,technology_revenue_25m,Technology companies with revenue >= $25M,Technology,25000000,inf,587,Gaussian Mixture,2,Scenario-specific scaled KPI-8,Scenario-specific scaled KPI-8,0.2523357281439438,2.4799377793256268,85.56548923674531,0.2523357281439438,2.4799377793256268,85.56548923674531,1.0,,9397.312094363897,9786.689303328598,,,
Canonical cross-cohort robustness,scenario_pipeline_v3_economic_validity,technology_revenue_25m,Technology companies with revenue >= $25M,Technology,25000000,inf,587,Gaussian Mixture,3,Scenario-specific scaled KPI-8,Scenario-specific scaled KPI-8,0.13873951953105568,2.018572654322386,92.29699300235079,0.13873951953105568,2.018572654322386,92.29699300235079,1.0,,8800.7016588788,9386.954984735765,,,
Canonical cross-cohort robustness,scenario_pipeline_v3_economic_validity,technology_revenue_25m,Technology companies with revenue >= $25M,Technology,25000000,inf,587,Gaussian Mixture,4,Scenario-specific scaled KPI-8,Scenario-specific scaled KPI-8,0.02423657377097646,2.0388462227347404,70.6432839855614,0.02423657377097646,2.0388462227347404,70.6432839855614,1.0,,8438.295813695662,9221.42525644489,,,
Canonical cross-cohort robustness,scenario_pipeline_v3_economic_validity,technology_revenue_25m,Technology companies with revenue >= $25M,Technology,25000000,inf,587,Gaussian Mixture,5,Scenario-specific scaled KPI-8,Scenario-specific scaled KPI-8,0.03187173285456013,2.1016208196468478,81.22639307009952,0.03187173285456013,2.1016208196468478,81.22639307009952,1.0,,8258.258700457029,9238.264260098522,,,
Canonical cross-cohort robustness,scenario_pipeline_v3_economic_validity,technology_revenue_25m,Technology companies with revenue >= $25M,Technology,25000000,inf,587,Gaussian Mixture,6,Scenario-specific scaled KPI-8,Scenario-specific scaled KPI-8,0.046234955763340815,2.4148249930218846,81.91078158749912,0.046234955763340815,2.4148249930218846,81.91078158749912,1.0,,8120.61433136658,9297.496007900338,,,
Canonical cross-cohort robustness,scenario_pipeline_v3_economic_validity,technology_revenue_25m,Technology companies with revenue >= $25M,Technology,25000000,inf,587,Gaussian Mixture,7,Scenario-specific scaled KPI-8,Scenario-specific scaled KPI-8,0.054028946829351436,2.0100873171172187,75.90675458454741,0.054028946829351436,2.0100873171172187,75.90675458454741,1.0,,7720.113868214596,9093.871661640618,,,
Canonical cross-cohort robustness,scenario_pipeline_v3_economic_validity,technology_revenue_25m,Technology companies with revenue >= $25M,Technology,25000000,inf,587,Gaussian Mixture,8,Scenario-specific scaled KPI-8,Scenario-specific scaled KPI-8,0.07628321142786906,2.044164452057671,82.49482204872392,0.07628321142786906,2.044164452057671,82.49482204872392,1.0,,7921.424117531145,9492.058027849433,,,
Canonical cross-cohort robustness,scenario_pipeline_v3_economic_validity,technology_revenue_25m,Technology companies with revenue >= $25M,Technology,25000000,inf,587,Gaussian Mixture,9,Scenario-specific scaled KPI-8,Scenario-specific scaled KPI-8,0.063237057339743,1.9127949741640602,80.25882499298655,0.063237057339743,1.9127949741640602,80.25882499298655,1.0,,7878.559645239175,9646.069672449725,,,
Canonical cross-cohort robustness,scenario_pipeline_v3_economic_validity,technology_revenue_25m,Technology companies with revenue >= $25M,Technology,25000000,inf,587,Gaussian Mixture,10,Scenario-specific scaled KPI-8,Scenario-specific scaled KPI-8,0.0642008369210223,1.726696297822255,78.06672640227467,0.0642008369210223,1.726696297822255,78.06672640227467,1.0,,7776.738233558996,9741.124377661812,,,
Canonical cross-cohort robustness,scenario_pipeline_v3_economic_validity,technology_revenue_25m,Technology companies with revenue >= $25M,Technology,25000000,inf,587,HDBSCAN,2,Scenario-specific scaled KPI-8,Scenario-specific scaled KPI-8,0.5817187312482276,0.6163833501403887,153.45309736595553,0.5817187312482276,0.6163833501403887,153.45309736595553,0.807495741056218,,,,0.19250425894378198,10.0,5.0
Canonical cross-cohort robustness,scenario_pipeline_v3_economic_validity,technology_revenue_25m,Technology companies with revenue >= $25M,Technology,25000000,inf,587,HDBSCAN,2,Scenario-specific scaled KPI-8,Scenario-specific scaled KPI-8,0.5744546821801174,0.4824200533657836,117.25373663143168,0.5744546821801174,0.4824200533657836,117.25373663143168,0.8194207836456558,,,,0.18057921635434415,10.0,10.0
Canonical cross-cohort robustness,scenario_pipeline_v3_economic_validity,technology_revenue_25m,Technology companies with revenue >= $25M,Technology,25000000,inf,587,HDBSCAN,0,Scenario-specific scaled KPI-8,Scenario-specific scaled KPI-8,,,,,,,0.0,,,,1.0,10.0,15.0
Canonical cross-cohort robustness,scenario_pipeline_v3_economic_validity,technology_revenue_25m,Technology companies with revenue >= $25M,Technology,25000000,inf,587,HDBSCAN,2,Scenario-specific scaled KPI-8,Scenario-specific scaled KPI-8,0.5817187312482276,0.6163833501403887,153.45309736595553,0.5817187312482276,0.6163833501403887,153.45309736595553,0.807495741056218,,,,0.19250425894378198,15.0,5.0
Canonical cross-cohort robustness,scenario_pipeline_v3_economic_validity,technology_revenue_25m,Technology companies with revenue >= $25M,Technology,25000000,inf,587,HDBSCAN,0,Scenario-specific scaled KPI-8,Scenario-specific scaled KPI-8,,,,,,,0.0,,,,1.0,15.0,10.0
Canonical cross-cohort robustness,scenario_pipeline_v3_economic_validity,technology_revenue_25m,Technology companies with revenue >= $25M,Technology,25000000,inf,587,HDBSCAN,0,Scenario-specific scaled KPI-8,Scenario-specific scaled KPI-8,,,,,,,0.0,,,,1.0,15.0,15.0
Canonical cross-cohort robustness,scenario_pipeline_v3_economic_validity,technology_revenue_25m,Technology companies with revenue >= $25M,Technology,25000000,inf,587,HDBSCAN,2,Scenario-specific scaled KPI-8,Scenario-specific scaled KPI-8,0.3278090906017505,1.066165377346185,43.41403433450691,0.3278090906017505,1.066165377346185,43.41403433450691,0.12947189097103917,,,,0.8705281090289608,20.0,5.0
Canonical cross-cohort robustness,scenario_pipeline_v3_economic_validity,technology_revenue_25m,Technology companies with revenue >= $25M,Technology,25000000,inf,587,HDBSCAN,0,Scenario-specific scaled KPI-8,Scenario-specific scaled KPI-8,,,,,,,0.0,,,,1.0,20.0,10.0
Canonical cross-cohort robustness,scenario_pipeline_v3_economic_validity,technology_revenue_25m,Technology companies with revenue >= $25M,Technology,25000000,inf,587,HDBSCAN,0,Scenario-specific scaled KPI-8,Scenario-specific scaled KPI-8,,,,,,,0.0,,,,1.0,20.0,15.0
Canonical cross-cohort robustness,scenario_pipeline_v3_economic_validity,technology_revenue_25m,Technology companies with revenue >= $25M,Technology,25000000,inf,587,HDBSCAN,0,Scenario-specific scaled KPI-8,Scenario-specific scaled KPI-8,,,,,,,0.0,,,,1.0,25.0,5.0
Canonical cross-cohort robustness,scenario_pipeline_v3_economic_validity,technology_revenue_25m,Technology companies with revenue >= $25M,Technology,25000000,inf,587,HDBSCAN,0,Scenario-specific scaled KPI-8,Scenario-specific scaled KPI-8,,,,,,,0.0,,,,1.0,25.0,10.0
Canonical cross-cohort robustness,scenario_pipeline_v3_economic_validity,technology_revenue_25m,Technology companies with revenue >= $25M,Technology,25000000,inf,587,HDBSCAN,0,Scenario-specific scaled KPI-8,Scenario-specific scaled KPI-8,,,,,,,0.0,,,,1.0,25.0,15.0
Canonical cross-cohort robustness,scenario_pipeline_v3_economic_validity,healthcare_revenue_50m,Healthcare companies with revenue >= $50M,Healthcare,50000000,inf,444,K-Means,2,Scenario-specific scaled KPI-8,Scenario-specific scaled KPI-8,0.47250100499989534,0.8435951257042859,320.15395932422933,0.47250100499989534,0.8435951257042859,320.15395932422933,1.0,1974.1311630192222,,,,,
Canonical cross-cohort robustness,scenario_pipeline_v3_economic_validity,healthcare_revenue_50m,Healthcare companies with revenue >= $50M,Healthcare,50000000,inf,444,K-Means,3,Scenario-specific scaled KPI-8,Scenario-specific scaled KPI-8,0.379346486740994,1.0891824346428944,274.10262152852624,0.379346486740994,1.0891824346428944,274.10262152852624,1.0,1517.5696233161977,,,,,
Canonical cross-cohort robustness,scenario_pipeline_v3_economic_validity,healthcare_revenue_50m,Healthcare companies with revenue >= $50M,Healthcare,50000000,inf,444,K-Means,4,Scenario-specific scaled KPI-8,Scenario-specific scaled KPI-8,0.284522395159351,1.297384349617057,237.7143613992929,0.284522395159351,1.297384349617057,237.7143613992929,1.0,1298.8707078778555,,,,,
Canonical cross-cohort robustness,scenario_pipeline_v3_economic_validity,healthcare_revenue_50m,Healthcare companies with revenue >= $50M,Healthcare,50000000,inf,444,K-Means,5,Scenario-specific scaled KPI-8,Scenario-specific scaled KPI-8,0.24627797982295072,1.2633465690852492,209.3898420752751,0.24627797982295072,1.2633465690852492,209.3898420752751,1.0,1170.63080427931,,,,,
Canonical cross-cohort robustness,scenario_pipeline_v3_economic_validity,healthcare_revenue_50m,Healthcare companies with revenue >= $50M,Healthcare,50000000,inf,444,K-Means,6,Scenario-specific scaled KPI-8,Scenario-specific scaled KPI-8,0.26293861741400204,1.2415634153915762,191.91491260867417,0.26293861741400204,1.2415634153915762,191.91491260867417,1.0,1066.8308549820028,,,,,
Canonical cross-cohort robustness,scenario_pipeline_v3_economic_validity,healthcare_revenue_50m,Healthcare companies with revenue >= $50M,Healthcare,50000000,inf,444,K-Means,7,Scenario-specific scaled KPI-8,Scenario-specific scaled KPI-8,0.24878337630435793,1.3161988526253172,181.90824684682187,0.24878337630435793,1.3161988526253172,181.90824684682187,1.0,973.2553351444037,,,,,
Canonical cross-cohort robustness,scenario_pipeline_v3_economic_validity,healthcare_revenue_50m,Healthcare companies with revenue >= $50M,Healthcare,50000000,inf,444,K-Means,8,Scenario-specific scaled KPI-8,Scenario-specific scaled KPI-8,0.2519585189913725,1.306424486416017,176.17660131646144,0.2519585189913725,1.306424486416017,176.17660131646144,1.0,889.1297407372485,,,,,
Canonical cross-cohort robustness,scenario_pipeline_v3_economic_validity,healthcare_revenue_50m,Healthcare companies with revenue >= $50M,Healthcare,50000000,inf,444,K-Means,9,Scenario-specific scaled KPI-8,Scenario-specific scaled KPI-8,0.25033315204226675,1.260745064379605,165.99040655403746,0.25033315204226675,1.260745064379605,165.99040655403746,1.0,839.9477979848604,,,,,
Canonical cross-cohort robustness,scenario_pipeline_v3_economic_validity,healthcare_revenue_50m,Healthcare companies with revenue >= $50M,Healthcare,50000000,inf,444,K-Means,10,Scenario-specific scaled KPI-8,Scenario-specific scaled KPI-8,0.24636308162692927,1.2970904767199103,157.78596604420463,0.24636308162692927,1.2970904767199103,157.78596604420463,1.0,796.8180845932785,,,,,
Canonical cross-cohort robustness,scenario_pipeline_v3_economic_validity,healthcare_revenue_50m,Healthcare companies with revenue >= $50M,Healthcare,50000000,inf,444,Agglomerative,2,Scenario-specific scaled KPI-8,Scenario-specific scaled KPI-8,0.484145290449611,0.7810948939919022,310.7138410379233,0.484145290449611,0.7810948939919022,310.7138410379233,1.0,,,,,,
Canonical cross-cohort robustness,scenario_pipeline_v3_economic_validity,healthcare_revenue_50m,Healthcare companies with revenue >= $50M,Healthcare,50000000,inf,444,Agglomerative,3,Scenario-specific scaled KPI-8,Scenario-specific scaled KPI-8,0.35662953652693086,1.1221454538236397,265.20785166108277,0.35662953652693086,1.1221454538236397,265.20785166108277,1.0,,,,,,
Canonical cross-cohort robustness,scenario_pipeline_v3_economic_validity,healthcare_revenue_50m,Healthcare companies with revenue >= $50M,Healthcare,50000000,inf,444,Agglomerative,4,Scenario-specific scaled KPI-8,Scenario-specific scaled KPI-8,0.26646917433073014,1.275166006769774,220.61562809568608,0.26646917433073014,1.275166006769774,220.61562809568608,1.0,,,,,,
Canonical cross-cohort robustness,scenario_pipeline_v3_economic_validity,healthcare_revenue_50m,Healthcare companies with revenue >= $50M,Healthcare,50000000,inf,444,Agglomerative,5,Scenario-specific scaled KPI-8,Scenario-specific scaled KPI-8,0.22403326636997922,1.4294720243386707,193.09473277277897,0.22403326636997922,1.4294720243386707,193.09473277277897,1.0,,,,,,
Canonical cross-cohort robustness,scenario_pipeline_v3_economic_validity,healthcare_revenue_50m,Healthcare companies with revenue >= $50M,Healthcare,50000000,inf,444,Agglomerative,6,Scenario-specific scaled KPI-8,Scenario-specific scaled KPI-8,0.23740523931693655,1.396928000339747,176.70246189216417,0.23740523931693655,1.396928000339747,176.70246189216417,1.0,,,,,,
Canonical cross-cohort robustness,scenario_pipeline_v3_economic_validity,healthcare_revenue_50m,Healthcare companies with revenue >= $50M,Healthcare,50000000,inf,444,Agglomerative,7,Scenario-specific scaled KPI-8,Scenario-specific scaled KPI-8,0.22136699478212687,1.461964636643545,164.1100144392361,0.22136699478212687,1.461964636643545,164.1100144392361,1.0,,,,,,
Canonical cross-cohort robustness,scenario_pipeline_v3_economic_validity,healthcare_revenue_50m,Healthcare companies with revenue >= $50M,Healthcare,50000000,inf,444,Agglomerative,8,Scenario-specific scaled KPI-8,Scenario-specific scaled KPI-8,0.18022170415083427,1.4735658686589193,155.43191296572442,0.18022170415083427,1.4735658686589193,155.43191296572442,1.0,,,,,,
Canonical cross-cohort robustness,scenario_pipeline_v3_economic_validity,healthcare_revenue_50m,Healthcare companies with revenue >= $50M,Healthcare,50000000,inf,444,Agglomerative,9,Scenario-specific scaled KPI-8,Scenario-specific scaled KPI-8,0.18306823296032682,1.4450039932761285,146.60507066205233,0.18306823296032682,1.4450039932761285,146.60507066205233,1.0,,,,,,
Canonical cross-cohort robustness,scenario_pipeline_v3_economic_validity,healthcare_revenue_50m,Healthcare companies with revenue >= $50M,Healthcare,50000000,inf,444,Agglomerative,10,Scenario-specific scaled KPI-8,Scenario-specific scaled KPI-8,0.18581641339799365,1.3770205601618142,138.7456759854093,0.18581641339799365,1.3770205601618142,138.7456759854093,1.0,,,,,,
Canonical cross-cohort robustness,scenario_pipeline_v3_economic_validity,healthcare_revenue_50m,Healthcare companies with revenue >= $50M,Healthcare,50000000,inf,444,Gaussian Mixture,2,Scenario-specific scaled KPI-8,Scenario-specific scaled KPI-8,0.2787236743227077,1.4823636086490053,173.71289590125966,0.2787236743227077,1.4823636086490053,173.71289590125966,1.0,,5194.610273798786,5559.1386598552535,,,
Canonical cross-cohort robustness,scenario_pipeline_v3_economic_validity,healthcare_revenue_50m,Healthcare companies with revenue >= $50M,Healthcare,50000000,inf,444,Gaussian Mixture,3,Scenario-specific scaled KPI-8,Scenario-specific scaled KPI-8,0.14121390288622102,1.7878558235573212,124.94582831415934,0.14121390288622102,1.7878558235573212,124.94582831415934,1.0,,4666.955775214323,5215.796266580241,,,
Canonical cross-cohort robustness,scenario_pipeline_v3_economic_validity,healthcare_revenue_50m,Healthcare companies with revenue >= $50M,Healthcare,50000000,inf,444,Gaussian Mixture,4,Scenario-specific scaled KPI-8,Scenario-specific scaled KPI-8,0.1368755517580975,1.81807755952495,114.497873288778,0.1368755517580975,1.81807755952495,114.497873288778,1.0,,4395.304222624272,5128.45681929964,,,
Canonical cross-cohort robustness,scenario_pipeline_v3_economic_validity,healthcare_revenue_50m,Healthcare companies with revenue >= $50M,Healthcare,50000000,inf,444,Gaussian Mixture,5,Scenario-specific scaled KPI-8,Scenario-specific scaled KPI-8,0.13726430598100348,2.6679399073426664,107.75541002246521,0.13726430598100348,2.6679399073426664,107.75541002246521,1.0,,3635.49651372682,4552.961215711638,,,
Canonical cross-cohort robustness,scenario_pipeline_v3_economic_validity,healthcare_revenue_50m,Healthcare companies with revenue >= $50M,Healthcare,50000000,inf,444,Gaussian Mixture,6,Scenario-specific scaled KPI-8,Scenario-specific scaled KPI-8,0.14794597315824612,1.5564262649760352,134.18849527690662,0.14794597315824612,1.5564262649760352,134.18849527690662,1.0,,3561.782458952542,4663.559266246811,,,
Canonical cross-cohort robustness,scenario_pipeline_v3_economic_validity,healthcare_revenue_50m,Healthcare companies with revenue >= $50M,Healthcare,50000000,inf,444,Gaussian Mixture,7,Scenario-specific scaled KPI-8,Scenario-specific scaled KPI-8,0.13998127973604843,2.2705378027208245,112.71772165247202,0.13998127973604843,2.2705378027208245,112.71772165247202,1.0,,3478.6567127569797,4764.745625360698,,,
Canonical cross-cohort robustness,scenario_pipeline_v3_economic_validity,healthcare_revenue_50m,Healthcare companies with revenue >= $50M,Healthcare,50000000,inf,444,Gaussian Mixture,8,Scenario-specific scaled KPI-8,Scenario-specific scaled KPI-8,0.14174353292009498,2.90769885162659,103.4350878199254,0.14174353292009498,2.90769885162659,103.4350878199254,1.0,,3464.0219605822344,4934.422978495403,,,
Canonical cross-cohort robustness,scenario_pipeline_v3_economic_validity,healthcare_revenue_50m,Healthcare companies with revenue >= $50M,Healthcare,50000000,inf,444,Gaussian Mixture,9,Scenario-specific scaled KPI-8,Scenario-specific scaled KPI-8,0.14853649370896363,1.897289505523386,103.95387117601265,0.14853649370896363,1.897289505523386,103.95387117601265,1.0,,3330.2706340874092,4984.9837573100285,,,
Canonical cross-cohort robustness,scenario_pipeline_v3_economic_validity,healthcare_revenue_50m,Healthcare companies with revenue >= $50M,Healthcare,50000000,inf,444,Gaussian Mixture,10,Scenario-specific scaled KPI-8,Scenario-specific scaled KPI-8,0.14582838217946206,1.6521517735047198,109.34971115182981,0.14582838217946206,1.6521517735047198,109.34971115182981,1.0,,3511.6036886144234,5350.628917146492,,,
Canonical cross-cohort robustness,scenario_pipeline_v3_economic_validity,healthcare_revenue_50m,Healthcare companies with revenue >= $50M,Healthcare,50000000,inf,444,HDBSCAN,3,Scenario-specific scaled KPI-8,Scenario-specific scaled KPI-8,0.40653674701074644,0.6290249489918146,180.67791610993996,0.40653674701074644,0.6290249489918146,180.67791610993996,0.8648648648648649,,,,0.1351351351351351,10.0,5.0
Canonical cross-cohort robustness,scenario_pipeline_v3_economic_validity,healthcare_revenue_50m,Healthcare companies with revenue >= $50M,Healthcare,50000000,inf,444,HDBSCAN,3,Scenario-specific scaled KPI-8,Scenario-specific scaled KPI-8,0.48814680614288414,0.5320539252395452,236.7816339310213,0.48814680614288414,0.5320539252395452,236.7816339310213,0.7635135135135135,,,,0.2364864864864865,10.0,10.0
Canonical cross-cohort robustness,scenario_pipeline_v3_economic_validity,healthcare_revenue_50m,Healthcare companies with revenue >= $50M,Healthcare,50000000,inf,444,HDBSCAN,2,Scenario-specific scaled KPI-8,Scenario-specific scaled KPI-8,0.6377840685987847,0.43551177462590696,327.282783630312,0.6377840685987847,0.43551177462590696,327.282783630312,0.7454954954954955,,,,0.25450450450450446,10.0,15.0
Canonical cross-cohort robustness,scenario_pipeline_v3_economic_validity,healthcare_revenue_50m,Healthcare companies with revenue >= $50M,Healthcare,50000000,inf,444,HDBSCAN,3,Scenario-specific scaled KPI-8,Scenario-specific scaled KPI-8,0.40653674701074644,0.6290249489918146,180.67791610993996,0.40653674701074644,0.6290249489918146,180.67791610993996,0.8648648648648649,,,,0.1351351351351351,15.0,5.0
Canonical cross-cohort robustness,scenario_pipeline_v3_economic_validity,healthcare_revenue_50m,Healthcare companies with revenue >= $50M,Healthcare,50000000,inf,444,HDBSCAN,2,Scenario-specific scaled KPI-8,Scenario-specific scaled KPI-8,0.6457317066461961,0.43660180517202574,380.9469997695481,0.6457317066461961,0.43660180517202574,380.9469997695481,0.7319819819819819,,,,0.26801801801801806,15.0,10.0
Canonical cross-cohort robustness,scenario_pipeline_v3_economic_validity,healthcare_revenue_50m,Healthcare companies with revenue >= $50M,Healthcare,50000000,inf,444,HDBSCAN,2,Scenario-specific scaled KPI-8,Scenario-specific scaled KPI-8,0.6377840685987847,0.43551177462590696,327.282783630312,0.6377840685987847,0.43551177462590696,327.282783630312,0.7454954954954955,,,,0.25450450450450446,15.0,15.0
Canonical cross-cohort robustness,scenario_pipeline_v3_economic_validity,healthcare_revenue_50m,Healthcare companies with revenue >= $50M,Healthcare,50000000,inf,444,HDBSCAN,2,Scenario-specific scaled KPI-8,Scenario-specific scaled KPI-8,0.5797113590695884,0.5018074436609441,283.17229063971394,0.5797113590695884,0.5018074436609441,283.17229063971394,0.8265765765765766,,,,0.17342342342342343,20.0,5.0
Canonical cross-cohort robustness,scenario_pipeline_v3_economic_validity,healthcare_revenue_50m,Healthcare companies with revenue >= $50M,Healthcare,50000000,inf,444,HDBSCAN,2,Scenario-specific scaled KPI-8,Scenario-specific scaled KPI-8,0.6457317066461961,0.43660180517202574,380.9469997695481,0.6457317066461961,0.43660180517202574,380.9469997695481,0.7319819819819819,,,,0.26801801801801806,20.0,10.0
Canonical cross-cohort robustness,scenario_pipeline_v3_economic_validity,healthcare_revenue_50m,Healthcare companies with revenue >= $50M,Healthcare,50000000,inf,444,HDBSCAN,2,Scenario-specific scaled KPI-8,Scenario-specific scaled KPI-8,0.6377840685987847,0.43551177462590696,327.282783630312,0.6377840685987847,0.43551177462590696,327.282783630312,0.7454954954954955,,,,0.25450450450450446,20.0,15.0
Canonical cross-cohort robustness,scenario_pipeline_v3_economic_validity,healthcare_revenue_50m,Healthcare companies with revenue >= $50M,Healthcare,50000000,inf,444,HDBSCAN,2,Scenario-specific scaled KPI-8,Scenario-specific scaled KPI-8,0.5797113590695884,0.5018074436609441,283.17229063971394,0.5797113590695884,0.5018074436609441,283.17229063971394,0.8265765765765766,,,,0.17342342342342343,25.0,5.0
Canonical cross-cohort robustness,scenario_pipeline_v3_economic_validity,healthcare_revenue_50m,Healthcare companies with revenue >= $50M,Healthcare,50000000,inf,444,HDBSCAN,2,Scenario-specific scaled KPI-8,Scenario-specific scaled KPI-8,0.6457317066461961,0.43660180517202574,380.9469997695481,0.6457317066461961,0.43660180517202574,380.9469997695481,0.7319819819819819,,,,0.26801801801801806,25.0,10.0
Canonical cross-cohort robustness,scenario_pipeline_v3_economic_validity,healthcare_revenue_50m,Healthcare companies with revenue >= $50M,Healthcare,50000000,inf,444,HDBSCAN,2,Scenario-specific scaled KPI-8,Scenario-specific scaled KPI-8,0.6377840685987847,0.43551177462590696,327.282783630312,0.6377840685987847,0.43551177462590696,327.282783630312,0.7454954954954955,,,,0.25450450450450446,25.0,15.0
Canonical cross-cohort robustness,scenario_pipeline_v3_economic_validity,industrials_revenue_20m,Industrials companies with revenue >= $20M,Industrials,20000000,inf,565,K-Means,2,Scenario-specific scaled KPI-8,Scenario-specific scaled KPI-8,0.48268852566673154,1.090045133634377,224.52066356409273,0.48268852566673154,1.090045133634377,224.52066356409273,1.0,5103.295414289843,,,,,
Canonical cross-cohort robustness,scenario_pipeline_v3_economic_validity,industrials_revenue_20m,Industrials companies with revenue >= $20M,Industrials,20000000,inf,565,K-Means,3,Scenario-specific scaled KPI-8,Scenario-specific scaled KPI-8,0.5027037840163403,0.9044929389345846,281.05032527634495,0.5027037840163403,0.9044929389345846,281.05032527634495,1.0,3568.9082941958304,,,,,
Canonical cross-cohort robustness,scenario_pipeline_v3_economic_validity,industrials_revenue_20m,Industrials companies with revenue >= $20M,Industrials,20000000,inf,565,K-Means,4,Scenario-specific scaled KPI-8,Scenario-specific scaled KPI-8,0.20549247330179174,1.3152645358786041,241.80961351257582,0.20549247330179174,1.3152645358786041,241.80961351257582,1.0,3113.016090215892,,,,,
Canonical cross-cohort robustness,scenario_pipeline_v3_economic_validity,industrials_revenue_20m,Industrials companies with revenue >= $20M,Industrials,20000000,inf,565,K-Means,5,Scenario-specific scaled KPI-8,Scenario-specific scaled KPI-8,0.21472755371878696,1.3090159555942638,222.93679490447974,0.21472755371878696,1.3090159555942638,222.93679490447974,1.0,2753.623726328544,,,,,
Canonical cross-cohort robustness,scenario_pipeline_v3_economic_validity,industrials_revenue_20m,Industrials companies with revenue >= $20M,Industrials,20000000,inf,565,K-Means,6,Scenario-specific scaled KPI-8,Scenario-specific scaled KPI-8,0.23132587561872844,1.2384872925151649,208.41642410457428,0.23132587561872844,1.2384872925151649,208.41642410457428,1.0,2492.3123660235174,,,,,
Canonical cross-cohort robustness,scenario_pipeline_v3_economic_validity,industrials_revenue_20m,Industrials companies with revenue >= $20M,Industrials,20000000,inf,565,K-Means,7,Scenario-specific scaled KPI-8,Scenario-specific scaled KPI-8,0.22833584922920547,1.284641251260194,194.79516544092547,0.22833584922920547,1.284641251260194,194.79516544092547,1.0,2306.7669825394323,,,,,
Canonical cross-cohort robustness,scenario_pipeline_v3_economic_validity,industrials_revenue_20m,Industrials companies with revenue >= $20M,Industrials,20000000,inf,565,K-Means,8,Scenario-specific scaled KPI-8,Scenario-specific scaled KPI-8,0.22570762061755437,1.2509622254193584,185.58059715411355,0.22570762061755437,1.2509622254193584,185.58059715411355,1.0,2142.231879242506,,,,,
Canonical cross-cohort robustness,scenario_pipeline_v3_economic_validity,industrials_revenue_20m,Industrials companies with revenue >= $20M,Industrials,20000000,inf,565,K-Means,9,Scenario-specific scaled KPI-8,Scenario-specific scaled KPI-8,0.22721591767559962,1.2499635557077438,176.68897015236888,0.22721591767559962,1.2499635557077438,176.68897015236888,1.0,2015.2108146192272,,,,,
Canonical cross-cohort robustness,scenario_pipeline_v3_economic_validity,industrials_revenue_20m,Industrials companies with revenue >= $20M,Industrials,20000000,inf,565,K-Means,10,Scenario-specific scaled KPI-8,Scenario-specific scaled KPI-8,0.21638865934903456,1.3012966213925605,167.868909975408,0.21638865934903456,1.3012966213925605,167.868909975408,1.0,1917.8062856457757,,,,,
Canonical cross-cohort robustness,scenario_pipeline_v3_economic_validity,industrials_revenue_20m,Industrials companies with revenue >= $20M,Industrials,20000000,inf,565,Agglomerative,2,Scenario-specific scaled KPI-8,Scenario-specific scaled KPI-8,0.47570991491461284,1.0339248382351922,181.69434341621835,0.47570991491461284,1.0339248382351922,181.69434341621835,1.0,,,,,,
Canonical cross-cohort robustness,scenario_pipeline_v3_economic_validity,industrials_revenue_20m,Industrials companies with revenue >= $20M,Industrials,20000000,inf,565,Agglomerative,3,Scenario-specific scaled KPI-8,Scenario-specific scaled KPI-8,0.49100126998958327,0.9419763198359994,246.948253163676,0.49100126998958327,0.9419763198359994,246.948253163676,1.0,,,,,,
Canonical cross-cohort robustness,scenario_pipeline_v3_economic_validity,industrials_revenue_20m,Industrials companies with revenue >= $20M,Industrials,20000000,inf,565,Agglomerative,4,Scenario-specific scaled KPI-8,Scenario-specific scaled KPI-8,0.17389921145094608,1.4433650638185214,209.09893990328564,0.17389921145094608,1.4433650638185214,209.09893990328564,1.0,,,,,,
Canonical cross-cohort robustness,scenario_pipeline_v3_economic_validity,industrials_revenue_20m,Industrials companies with revenue >= $20M,Industrials,20000000,inf,565,Agglomerative,5,Scenario-specific scaled KPI-8,Scenario-specific scaled KPI-8,0.18742651975773922,1.3262467078309013,196.42302263911108,0.18742651975773922,1.3262467078309013,196.42302263911108,1.0,,,,,,
Canonical cross-cohort robustness,scenario_pipeline_v3_economic_validity,industrials_revenue_20m,Industrials companies with revenue >= $20M,Industrials,20000000,inf,565,Agglomerative,6,Scenario-specific scaled KPI-8,Scenario-specific scaled KPI-8,0.19358415584052296,1.3670296374819548,185.67101117529234,0.19358415584052296,1.3670296374819548,185.67101117529234,1.0,,,,,,
Canonical cross-cohort robustness,scenario_pipeline_v3_economic_validity,industrials_revenue_20m,Industrials companies with revenue >= $20M,Industrials,20000000,inf,565,Agglomerative,7,Scenario-specific scaled KPI-8,Scenario-specific scaled KPI-8,0.19546756572594595,1.3152205045727146,170.13290616137397,0.19546756572594595,1.3152205045727146,170.13290616137397,1.0,,,,,,
Canonical cross-cohort robustness,scenario_pipeline_v3_economic_validity,industrials_revenue_20m,Industrials companies with revenue >= $20M,Industrials,20000000,inf,565,Agglomerative,8,Scenario-specific scaled KPI-8,Scenario-specific scaled KPI-8,0.19774345667246607,1.2739991691197854,160.68431578770935,0.19774345667246607,1.2739991691197854,160.68431578770935,1.0,,,,,,
Canonical cross-cohort robustness,scenario_pipeline_v3_economic_validity,industrials_revenue_20m,Industrials companies with revenue >= $20M,Industrials,20000000,inf,565,Agglomerative,9,Scenario-specific scaled KPI-8,Scenario-specific scaled KPI-8,0.198540785884187,1.2652559038426479,151.36720011093564,0.198540785884187,1.2652559038426479,151.36720011093564,1.0,,,,,,
Canonical cross-cohort robustness,scenario_pipeline_v3_economic_validity,industrials_revenue_20m,Industrials companies with revenue >= $20M,Industrials,20000000,inf,565,Agglomerative,10,Scenario-specific scaled KPI-8,Scenario-specific scaled KPI-8,0.19089355000400718,1.2762279075489507,145.10480232827268,0.19089355000400718,1.2762279075489507,145.10480232827268,1.0,,,,,,
Canonical cross-cohort robustness,scenario_pipeline_v3_economic_validity,industrials_revenue_20m,Industrials companies with revenue >= $20M,Industrials,20000000,inf,565,Gaussian Mixture,2,Scenario-specific scaled KPI-8,Scenario-specific scaled KPI-8,0.288963753349381,2.3699364563747585,84.45873393264448,0.288963753349381,2.3699364563747585,84.45873393264448,1.0,,9738.137967349052,10124.115457421085,,,
Canonical cross-cohort robustness,scenario_pipeline_v3_economic_validity,industrials_revenue_20m,Industrials companies with revenue >= $20M,Industrials,20000000,inf,565,Gaussian Mixture,3,Scenario-specific scaled KPI-8,Scenario-specific scaled KPI-8,0.27190759555233746,1.9513838081710215,97.03206768409986,0.27190759555233746,1.9513838081710215,97.03206768409986,1.0,,9232.438279755674,9813.572927729298,,,
Canonical cross-cohort robustness,scenario_pipeline_v3_economic_validity,industrials_revenue_20m,Industrials companies with revenue >= $20M,Industrials,20000000,inf,565,Gaussian Mixture,4,Scenario-specific scaled KPI-8,Scenario-specific scaled KPI-8,0.10279620785327727,2.085350753150184,97.47523145981161,0.10279620785327727,2.085350753150184,97.47523145981161,1.0,,8900.984394778463,9677.276200653676,,,
Canonical cross-cohort robustness,scenario_pipeline_v3_economic_validity,industrials_revenue_20m,Industrials companies with revenue >= $20M,Industrials,20000000,inf,565,Gaussian Mixture,5,Scenario-specific scaled KPI-8,Scenario-specific scaled KPI-8,0.05111951851382761,2.1240213845919182,106.80810202240663,0.05111951851382761,2.1240213845919182,106.80810202240663,1.0,,8497.172035414133,9468.620999190936,,,
Canonical cross-cohort robustness,scenario_pipeline_v3_economic_validity,industrials_revenue_20m,Industrials companies with revenue >= $20M,Industrials,20000000,inf,565,Gaussian Mixture,6,Scenario-specific scaled KPI-8,Scenario-specific scaled KPI-8,0.05304348499293196,1.9213920445305017,104.21301619425348,0.05304348499293196,1.9213920445305017,104.21301619425348,1.0,,8356.727351257196,9523.333472935588,,,
Canonical cross-cohort robustness,scenario_pipeline_v3_economic_validity,industrials_revenue_20m,Industrials companies with revenue >= $20M,Industrials,20000000,inf,565,Gaussian Mixture,7,Scenario-specific scaled KPI-8,Scenario-specific scaled KPI-8,0.10757449833622403,2.232309098770519,136.8586661360887,0.10757449833622403,2.232309098770519,136.8586661360887,1.0,,8386.441445382416,9748.204724962397,,,
Canonical cross-cohort robustness,scenario_pipeline_v3_economic_validity,industrials_revenue_20m,Industrials companies with revenue >= $20M,Industrials,20000000,inf,565,Gaussian Mixture,8,Scenario-specific scaled KPI-8,Scenario-specific scaled KPI-8,0.10655079073486504,1.8365089038579976,142.69720049303197,0.10655079073486504,1.8365089038579976,142.69720049303197,1.0,,8170.970225263285,9727.890662744858,,,
Canonical cross-cohort robustness,scenario_pipeline_v3_economic_validity,industrials_revenue_20m,Industrials companies with revenue >= $20M,Industrials,20000000,inf,565,Gaussian Mixture,9,Scenario-specific scaled KPI-8,Scenario-specific scaled KPI-8,0.06429519541177005,1.8161353366339403,110.45702939087252,0.06429519541177005,1.8161353366339403,110.45702939087252,1.0,,8107.681297158014,9859.758892541176,,,
Canonical cross-cohort robustness,scenario_pipeline_v3_economic_validity,industrials_revenue_20m,Industrials companies with revenue >= $20M,Industrials,20000000,inf,565,Gaussian Mixture,10,Scenario-specific scaled KPI-8,Scenario-specific scaled KPI-8,0.10285893703789616,1.741684396596127,122.52634951057533,0.10285893703789616,1.741684396596127,122.52634951057533,1.0,,7991.746385767174,9938.981139051926,,,
Canonical cross-cohort robustness,scenario_pipeline_v3_economic_validity,industrials_revenue_20m,Industrials companies with revenue >= $20M,Industrials,20000000,inf,565,HDBSCAN,3,Scenario-specific scaled KPI-8,Scenario-specific scaled KPI-8,0.6068005706581019,0.4912037228017016,208.84810762801465,0.6068005706581019,0.4912037228017016,208.84810762801465,0.8584070796460177,,,,0.1415929203539823,10.0,5.0
Canonical cross-cohort robustness,scenario_pipeline_v3_economic_validity,industrials_revenue_20m,Industrials companies with revenue >= $20M,Industrials,20000000,inf,565,HDBSCAN,3,Scenario-specific scaled KPI-8,Scenario-specific scaled KPI-8,0.6295714429061497,0.44214409873814225,162.48469499501988,0.6295714429061497,0.44214409873814225,162.48469499501988,0.8141592920353983,,,,0.18584070796460173,10.0,10.0
Canonical cross-cohort robustness,scenario_pipeline_v3_economic_validity,industrials_revenue_20m,Industrials companies with revenue >= $20M,Industrials,20000000,inf,565,HDBSCAN,0,Scenario-specific scaled KPI-8,Scenario-specific scaled KPI-8,,,,,,,0.0,,,,1.0,10.0,15.0
Canonical cross-cohort robustness,scenario_pipeline_v3_economic_validity,industrials_revenue_20m,Industrials companies with revenue >= $20M,Industrials,20000000,inf,565,HDBSCAN,2,Scenario-specific scaled KPI-8,Scenario-specific scaled KPI-8,0.6254152381897049,0.5309333537126176,215.0567482191361,0.6254152381897049,0.5309333537126176,215.0567482191361,0.8654867256637168,,,,0.13451327433628324,15.0,5.0
Canonical cross-cohort robustness,scenario_pipeline_v3_economic_validity,industrials_revenue_20m,Industrials companies with revenue >= $20M,Industrials,20000000,inf,565,HDBSCAN,0,Scenario-specific scaled KPI-8,Scenario-specific scaled KPI-8,,,,,,,0.0,,,,1.0,15.0,10.0
Canonical cross-cohort robustness,scenario_pipeline_v3_economic_validity,industrials_revenue_20m,Industrials companies with revenue >= $20M,Industrials,20000000,inf,565,HDBSCAN,0,Scenario-specific scaled KPI-8,Scenario-specific scaled KPI-8,,,,,,,0.0,,,,1.0,15.0,15.0
Canonical cross-cohort robustness,scenario_pipeline_v3_economic_validity,industrials_revenue_20m,Industrials companies with revenue >= $20M,Industrials,20000000,inf,565,HDBSCAN,2,Scenario-specific scaled KPI-8,Scenario-specific scaled KPI-8,0.6254152381897049,0.5309333537126176,215.0567482191361,0.6254152381897049,0.5309333537126176,215.0567482191361,0.8654867256637168,,,,0.13451327433628324,20.0,5.0
Canonical cross-cohort robustness,scenario_pipeline_v3_economic_validity,industrials_revenue_20m,Industrials companies with revenue >= $20M,Industrials,20000000,inf,565,HDBSCAN,0,Scenario-specific scaled KPI-8,Scenario-specific scaled KPI-8,,,,,,,0.0,,,,1.0,20.0,10.0
Canonical cross-cohort robustness,scenario_pipeline_v3_economic_validity,industrials_revenue_20m,Industrials companies with revenue >= $20M,Industrials,20000000,inf,565,HDBSCAN,0,Scenario-specific scaled KPI-8,Scenario-specific scaled KPI-8,,,,,,,0.0,,,,1.0,20.0,15.0
Canonical cross-cohort robustness,scenario_pipeline_v3_economic_validity,industrials_revenue_20m,Industrials companies with revenue >= $20M,Industrials,20000000,inf,565,HDBSCAN,0,Scenario-specific scaled KPI-8,Scenario-specific scaled KPI-8,,,,,,,0.0,,,,1.0,25.0,5.0
Canonical cross-cohort robustness,scenario_pipeline_v3_economic_validity,industrials_revenue_20m,Industrials companies with revenue >= $20M,Industrials,20000000,inf,565,HDBSCAN,0,Scenario-specific scaled KPI-8,Scenario-specific scaled KPI-8,,,,,,,0.0,,,,1.0,25.0,10.0
Canonical cross-cohort robustness,scenario_pipeline_v3_economic_validity,industrials_revenue_20m,Industrials companies with revenue >= $20M,Industrials,20000000,inf,565,HDBSCAN,0,Scenario-specific scaled KPI-8,Scenario-specific scaled KPI-8,,,,,,,0.0,,,,1.0,25.0,15.0
Canonical cross-cohort robustness,scenario_pipeline_v3_economic_validity,consumer_cyclical_revenue_20m,Consumer Cyclical companies with revenue >= $20M,Consumer Cyclical,20000000,inf,470,K-Means,2,Scenario-specific scaled KPI-8,Scenario-specific scaled KPI-8,0.38901596378241377,1.263201694764502,187.35329879596065,0.38901596378241377,1.263201694764502,187.35329879596065,1.0,2811.643464945057,,,,,
Canonical cross-cohort robustness,scenario_pipeline_v3_economic_validity,consumer_cyclical_revenue_20m,Consumer Cyclical companies with revenue >= $20M,Consumer Cyclical,20000000,inf,470,K-Means,3,Scenario-specific scaled KPI-8,Scenario-specific scaled KPI-8,0.42797017190429887,0.9846132306709979,195.48487506542514,0.42797017190429887,0.9846132306709979,195.48487506542514,1.0,2143.0622672562417,,,,,
Canonical cross-cohort robustness,scenario_pipeline_v3_economic_validity,consumer_cyclical_revenue_20m,Consumer Cyclical companies with revenue >= $20M,Consumer Cyclical,20000000,inf,470,K-Means,4,Scenario-specific scaled KPI-8,Scenario-specific scaled KPI-8,0.22669266692929657,1.2824406769257046,186.44294105405453,0.22669266692929657,1.2824406769257046,186.44294105405453,1.0,1789.4214369757885,,,,,
Canonical cross-cohort robustness,scenario_pipeline_v3_economic_validity,consumer_cyclical_revenue_20m,Consumer Cyclical companies with revenue >= $20M,Consumer Cyclical,20000000,inf,470,K-Means,5,Scenario-specific scaled KPI-8,Scenario-specific scaled KPI-8,0.20723391586116177,1.4034204149679037,164.41078285875872,0.20723391586116177,1.4034204149679037,164.41078285875872,1.0,1630.8015459357223,,,,,
Canonical cross-cohort robustness,scenario_pipeline_v3_economic_validity,consumer_cyclical_revenue_20m,Consumer Cyclical companies with revenue >= $20M,Consumer Cyclical,20000000,inf,470,K-Means,6,Scenario-specific scaled KPI-8,Scenario-specific scaled KPI-8,0.18451854645742208,1.4190193100828248,146.79909094443164,0.18451854645742208,1.4190193100828248,146.79909094443164,1.0,1524.9397860736535,,,,,
Canonical cross-cohort robustness,scenario_pipeline_v3_economic_validity,consumer_cyclical_revenue_20m,Consumer Cyclical companies with revenue >= $20M,Consumer Cyclical,20000000,inf,470,K-Means,7,Scenario-specific scaled KPI-8,Scenario-specific scaled KPI-8,0.16952938359920192,1.469511649852669,134.4884089168657,0.16952938359920192,1.469511649852669,134.4884089168657,1.0,1435.4594817206225,,,,,
Canonical cross-cohort robustness,scenario_pipeline_v3_economic_validity,consumer_cyclical_revenue_20m,Consumer Cyclical companies with revenue >= $20M,Consumer Cyclical,20000000,inf,470,K-Means,8,Scenario-specific scaled KPI-8,Scenario-specific scaled KPI-8,0.164159088103891,1.4985434281846661,125.5185628350665,0.164159088103891,1.4985434281846661,125.5185628350665,1.0,1356.8222182003317,,,,,
Canonical cross-cohort robustness,scenario_pipeline_v3_economic_validity,consumer_cyclical_revenue_20m,Consumer Cyclical companies with revenue >= $20M,Consumer Cyclical,20000000,inf,470,K-Means,9,Scenario-specific scaled KPI-8,Scenario-specific scaled KPI-8,0.1743098212868384,1.4468813513418008,119.93839211252002,0.1743098212868384,1.4468813513418008,119.93839211252002,1.0,1277.7544158564228,,,,,
Canonical cross-cohort robustness,scenario_pipeline_v3_economic_validity,consumer_cyclical_revenue_20m,Consumer Cyclical companies with revenue >= $20M,Consumer Cyclical,20000000,inf,470,K-Means,10,Scenario-specific scaled KPI-8,Scenario-specific scaled KPI-8,0.17624933260507974,1.4570389453201569,113.73240921125199,0.17624933260507974,1.4570389453201569,113.73240921125199,1.0,1220.7685348780128,,,,,
Canonical cross-cohort robustness,scenario_pipeline_v3_economic_validity,consumer_cyclical_revenue_20m,Consumer Cyclical companies with revenue >= $20M,Consumer Cyclical,20000000,inf,470,Agglomerative,2,Scenario-specific scaled KPI-8,Scenario-specific scaled KPI-8,0.3377365531412069,1.3018672286089954,162.84040739542868,0.3377365531412069,1.3018672286089954,162.84040739542868,1.0,,,,,,
Canonical cross-cohort robustness,scenario_pipeline_v3_economic_validity,consumer_cyclical_revenue_20m,Consumer Cyclical companies with revenue >= $20M,Consumer Cyclical,20000000,inf,470,Agglomerative,3,Scenario-specific scaled KPI-8,Scenario-specific scaled KPI-8,0.36783750095887086,1.1240657717654619,177.57448519802855,0.36783750095887086,1.1240657717654619,177.57448519802855,1.0,,,,,,
Canonical cross-cohort robustness,scenario_pipeline_v3_economic_validity,consumer_cyclical_revenue_20m,Consumer Cyclical companies with revenue >= $20M,Consumer Cyclical,20000000,inf,470,Agglomerative,4,Scenario-specific scaled KPI-8,Scenario-specific scaled KPI-8,0.27528724950727823,1.2237170799332633,156.6853919313247,0.27528724950727823,1.2237170799332633,156.6853919313247,1.0,,,,,,
Canonical cross-cohort robustness,scenario_pipeline_v3_economic_validity,consumer_cyclical_revenue_20m,Consumer Cyclical companies with revenue >= $20M,Consumer Cyclical,20000000,inf,470,Agglomerative,5,Scenario-specific scaled KPI-8,Scenario-specific scaled KPI-8,0.21017898933449944,1.367360605238375,147.6017081311473,0.21017898933449944,1.367360605238375,147.6017081311473,1.0,,,,,,
Canonical cross-cohort robustness,scenario_pipeline_v3_economic_validity,consumer_cyclical_revenue_20m,Consumer Cyclical companies with revenue >= $20M,Consumer Cyclical,20000000,inf,470,Agglomerative,6,Scenario-specific scaled KPI-8,Scenario-specific scaled KPI-8,0.20567236511455692,1.3813041968599984,132.00782944907684,0.20567236511455692,1.3813041968599984,132.00782944907684,1.0,,,,,,
Canonical cross-cohort robustness,scenario_pipeline_v3_economic_validity,consumer_cyclical_revenue_20m,Consumer Cyclical companies with revenue >= $20M,Consumer Cyclical,20000000,inf,470,Agglomerative,7,Scenario-specific scaled KPI-8,Scenario-specific scaled KPI-8,0.13647571585483123,1.6015277693633503,121.26296296649906,0.13647571585483123,1.6015277693633503,121.26296296649906,1.0,,,,,,
Canonical cross-cohort robustness,scenario_pipeline_v3_economic_validity,consumer_cyclical_revenue_20m,Consumer Cyclical companies with revenue >= $20M,Consumer Cyclical,20000000,inf,470,Agglomerative,8,Scenario-specific scaled KPI-8,Scenario-specific scaled KPI-8,0.13291041352894473,1.5914482303971647,112.78273816064267,0.13291041352894473,1.5914482303971647,112.78273816064267,1.0,,,,,,
Canonical cross-cohort robustness,scenario_pipeline_v3_economic_validity,consumer_cyclical_revenue_20m,Consumer Cyclical companies with revenue >= $20M,Consumer Cyclical,20000000,inf,470,Agglomerative,9,Scenario-specific scaled KPI-8,Scenario-specific scaled KPI-8,0.13643430552804203,1.5400498410438048,106.72180578346484,0.13643430552804203,1.5400498410438048,106.72180578346484,1.0,,,,,,
Canonical cross-cohort robustness,scenario_pipeline_v3_economic_validity,consumer_cyclical_revenue_20m,Consumer Cyclical companies with revenue >= $20M,Consumer Cyclical,20000000,inf,470,Agglomerative,10,Scenario-specific scaled KPI-8,Scenario-specific scaled KPI-8,0.14147334246303897,1.5026305429587163,101.77379600916238,0.14147334246303897,1.5026305429587163,101.77379600916238,1.0,,,,,,
Canonical cross-cohort robustness,scenario_pipeline_v3_economic_validity,consumer_cyclical_revenue_20m,Consumer Cyclical companies with revenue >= $20M,Consumer Cyclical,20000000,inf,470,Gaussian Mixture,2,Scenario-specific scaled KPI-8,Scenario-specific scaled KPI-8,0.23189510722820927,2.5341672641819866,64.55197580017347,0.23189510722820927,2.5341672641819866,64.55197580017347,1.0,,7226.770010478667,7596.363220307332,,,
Canonical cross-cohort robustness,scenario_pipeline_v3_economic_validity,consumer_cyclical_revenue_20m,Consumer Cyclical companies with revenue >= $20M,Consumer Cyclical,20000000,inf,470,Gaussian Mixture,3,Scenario-specific scaled KPI-8,Scenario-specific scaled KPI-8,0.16940298436347292,2.665545986361421,61.188848908467435,0.16940298436347292,2.665545986361421,61.188848908467435,1.0,,6932.12125406358,7488.58743515393,,,
Canonical cross-cohort robustness,scenario_pipeline_v3_economic_validity,consumer_cyclical_revenue_20m,Consumer Cyclical companies with revenue >= $20M,Consumer Cyclical,20000000,inf,470,Gaussian Mixture,4,Scenario-specific scaled KPI-8,Scenario-specific scaled KPI-8,0.09317282844205546,1.8774788500669817,80.69344005435302,0.09317282844205546,1.8774788500669817,80.69344005435302,1.0,,6665.329175438874,7408.668327790909,,,
Canonical cross-cohort robustness,scenario_pipeline_v3_economic_validity,consumer_cyclical_revenue_20m,Consumer Cyclical companies with revenue >= $20M,Consumer Cyclical,20000000,inf,470,Gaussian Mixture,5,Scenario-specific scaled KPI-8,Scenario-specific scaled KPI-8,0.11549332640803772,1.9270915162684967,107.59429162868052,0.11549332640803772,1.9270915162684967,107.59429162868052,1.0,,6525.230620858006,7455.442744471725,,,
Canonical cross-cohort robustness,scenario_pipeline_v3_economic_validity,consumer_cyclical_revenue_20m,Consumer Cyclical companies with revenue >= $20M,Consumer Cyclical,20000000,inf,470,Gaussian Mixture,6,Scenario-specific scaled KPI-8,Scenario-specific scaled KPI-8,0.09148789411749846,2.3827895613165815,86.29730111406536,0.09148789411749846,2.3827895613165815,86.29730111406536,1.0,,6111.666822707528,7228.751917582932,,,
Canonical cross-cohort robustness,scenario_pipeline_v3_economic_validity,consumer_cyclical_revenue_20m,Consumer Cyclical companies with revenue >= $20M,Consumer Cyclical,20000000,inf,470,Gaussian Mixture,7,Scenario-specific scaled KPI-8,Scenario-specific scaled KPI-8,0.11244726736789727,2.0390410675466093,87.51925328913815,0.11244726736789727,2.0390410675466093,87.51925328913815,1.0,,6053.98744753786,7357.945513674949,,,
Canonical cross-cohort robustness,scenario_pipeline_v3_economic_validity,consumer_cyclical_revenue_20m,Consumer Cyclical companies with revenue >= $20M,Consumer Cyclical,20000000,inf,470,Gaussian Mixture,8,Scenario-specific scaled KPI-8,Scenario-specific scaled KPI-8,0.12439500336573374,2.056738306805295,95.83475882039967,0.12439500336573374,2.056738306805295,95.83475882039967,1.0,,6020.040273969233,7510.871311368006,,,
Canonical cross-cohort robustness,scenario_pipeline_v3_economic_validity,consumer_cyclical_revenue_20m,Consumer Cyclical companies with revenue >= $20M,Consumer Cyclical,20000000,inf,470,Gaussian Mixture,9,Scenario-specific scaled KPI-8,Scenario-specific scaled KPI-8,0.10873511047276224,1.915466595629853,81.87660922298899,0.10873511047276224,1.915466595629853,81.87660922298899,1.0,,5988.697140304872,7666.401148965329,,,
Canonical cross-cohort robustness,scenario_pipeline_v3_economic_validity,consumer_cyclical_revenue_20m,Consumer Cyclical companies with revenue >= $20M,Consumer Cyclical,20000000,inf,470,Gaussian Mixture,10,Scenario-specific scaled KPI-8,Scenario-specific scaled KPI-8,0.14057722670631226,1.9551464417841888,81.95706348821464,0.14057722670631226,1.9551464417841888,81.95706348821464,1.0,,5917.103537285977,7781.68051720812,,,
Canonical cross-cohort robustness,scenario_pipeline_v3_economic_validity,consumer_cyclical_revenue_20m,Consumer Cyclical companies with revenue >= $20M,Consumer Cyclical,20000000,inf,470,HDBSCAN,3,Scenario-specific scaled KPI-8,Scenario-specific scaled KPI-8,0.47588057080143564,0.7031225536213331,118.49608864236758,0.47588057080143564,0.7031225536213331,118.49608864236758,0.8553191489361702,,,,0.14468085106382977,10.0,5.0
Canonical cross-cohort robustness,scenario_pipeline_v3_economic_validity,consumer_cyclical_revenue_20m,Consumer Cyclical companies with revenue >= $20M,Consumer Cyclical,20000000,inf,470,HDBSCAN,3,Scenario-specific scaled KPI-8,Scenario-specific scaled KPI-8,0.4823479233845254,0.6272463303423704,94.15514480292215,0.4823479233845254,0.6272463303423704,94.15514480292215,0.8021276595744681,,,,0.19787234042553192,10.0,10.0
Canonical cross-cohort robustness,scenario_pipeline_v3_economic_validity,consumer_cyclical_revenue_20m,Consumer Cyclical companies with revenue >= $20M,Consumer Cyclical,20000000,inf,470,HDBSCAN,0,Scenario-specific scaled KPI-8,Scenario-specific scaled KPI-8,,,,,,,0.0,,,,1.0,10.0,15.0
Canonical cross-cohort robustness,scenario_pipeline_v3_economic_validity,consumer_cyclical_revenue_20m,Consumer Cyclical companies with revenue >= $20M,Consumer Cyclical,20000000,inf,470,HDBSCAN,2,Scenario-specific scaled KPI-8,Scenario-specific scaled KPI-8,0.4839122362283647,0.8047183824827958,108.84357983329616,0.4839122362283647,0.8047183824827958,108.84357983329616,0.8276595744680851,,,,0.17234042553191486,15.0,5.0
Canonical cross-cohort robustness,scenario_pipeline_v3_economic_validity,consumer_cyclical_revenue_20m,Consumer Cyclical companies with revenue >= $20M,Consumer Cyclical,20000000,inf,470,HDBSCAN,0,Scenario-specific scaled KPI-8,Scenario-specific scaled KPI-8,,,,,,,0.0,,,,1.0,15.0,10.0
Canonical cross-cohort robustness,scenario_pipeline_v3_economic_validity,consumer_cyclical_revenue_20m,Consumer Cyclical companies with revenue >= $20M,Consumer Cyclical,20000000,inf,470,HDBSCAN,0,Scenario-specific scaled KPI-8,Scenario-specific scaled KPI-8,,,,,,,0.0,,,,1.0,15.0,15.0
Canonical cross-cohort robustness,scenario_pipeline_v3_economic_validity,consumer_cyclical_revenue_20m,Consumer Cyclical companies with revenue >= $20M,Consumer Cyclical,20000000,inf,470,HDBSCAN,2,Scenario-specific scaled KPI-8,Scenario-specific scaled KPI-8,0.4839122362283647,0.8047183824827958,108.84357983329616,0.4839122362283647,0.8047183824827958,108.84357983329616,0.8276595744680851,,,,0.17234042553191486,20.0,5.0
Canonical cross-cohort robustness,scenario_pipeline_v3_economic_validity,consumer_cyclical_revenue_20m,Consumer Cyclical companies with revenue >= $20M,Consumer Cyclical,20000000,inf,470,HDBSCAN,0,Scenario-specific scaled KPI-8,Scenario-specific scaled KPI-8,,,,,,,0.0,,,,1.0,20.0,10.0
Canonical cross-cohort robustness,scenario_pipeline_v3_economic_validity,consumer_cyclical_revenue_20m,Consumer Cyclical companies with revenue >= $20M,Consumer Cyclical,20000000,inf,470,HDBSCAN,0,Scenario-specific scaled KPI-8,Scenario-specific scaled KPI-8,,,,,,,0.0,,,,1.0,20.0,15.0
Canonical cross-cohort robustness,scenario_pipeline_v3_economic_validity,consumer_cyclical_revenue_20m,Consumer Cyclical companies with revenue >= $20M,Consumer Cyclical,20000000,inf,470,HDBSCAN,0,Scenario-specific scaled KPI-8,Scenario-specific scaled KPI-8,,,,,,,0.0,,,,1.0,25.0,5.0
Canonical cross-cohort robustness,scenario_pipeline_v3_economic_validity,consumer_cyclical_revenue_20m,Consumer Cyclical companies with revenue >= $20M,Consumer Cyclical,20000000,inf,470,HDBSCAN,0,Scenario-specific scaled KPI-8,Scenario-specific scaled KPI-8,,,,,,,0.0,,,,1.0,25.0,10.0
Canonical cross-cohort robustness,scenario_pipeline_v3_economic_validity,consumer_cyclical_revenue_20m,Consumer Cyclical companies with revenue >= $20M,Consumer Cyclical,20000000,inf,470,HDBSCAN,0,Scenario-specific scaled KPI-8,Scenario-specific scaled KPI-8,,,,,,,0.0,,,,1.0,25.0,15.0
Canonical cross-cohort robustness,scenario_pipeline_v3_economic_validity,non_financial_large_cap_revenue_1b,Non-financial companies with revenue >= $1B,"Technology, Healthcare, Industrials, Consumer Cyclical, Consumer Defensive, Energy, Utilities, Basic Materials, Communication Services, Real Estate",1000000000,inf,1651,K-Means,2,Scenario-specific scaled KPI-8,Scenario-specific scaled KPI-8,0.5759981888852561,0.7678363003642465,1161.5689286728427,0.5759981888852561,0.7678363003642465,1161.5689286728427,1.0,8794.920862554047,,,,,
Canonical cross-cohort robustness,scenario_pipeline_v3_economic_validity,non_financial_large_cap_revenue_1b,Non-financial companies with revenue >= $1B,"Technology, Healthcare, Industrials, Consumer Cyclical, Consumer Defensive, Energy, Utilities, Basic Materials, Communication Services, Real Estate",1000000000,inf,1651,K-Means,3,Scenario-specific scaled KPI-8,Scenario-specific scaled KPI-8,0.2387947080729812,1.3684090207917838,919.1109802669082,0.2387947080729812,1.3684090207917838,919.1109802669082,1.0,7086.106809000141,,,,,
Canonical cross-cohort robustness,scenario_pipeline_v3_economic_validity,non_financial_large_cap_revenue_1b,Non-financial companies with revenue >= $1B,"Technology, Healthcare, Industrials, Consumer Cyclical, Consumer Defensive, Energy, Utilities, Basic Materials, Communication Services, Real Estate",1000000000,inf,1651,K-Means,4,Scenario-specific scaled KPI-8,Scenario-specific scaled KPI-8,0.17953148422220527,1.553567683997438,730.8031121869546,0.17953148422220527,1.553567683997438,730.8031121869546,1.0,6430.37874198572,,,,,
Canonical cross-cohort robustness,scenario_pipeline_v3_economic_validity,non_financial_large_cap_revenue_1b,Non-financial companies with revenue >= $1B,"Technology, Healthcare, Industrials, Consumer Cyclical, Consumer Defensive, Energy, Utilities, Basic Materials, Communication Services, Real Estate",1000000000,inf,1651,K-Means,5,Scenario-specific scaled KPI-8,Scenario-specific scaled KPI-8,0.1743878656466574,1.4917645580713241,637.8068166379766,0.1743878656466574,1.4917645580713241,637.8068166379766,1.0,5878.585870352816,,,,,
Canonical cross-cohort robustness,scenario_pipeline_v3_economic_validity,non_financial_large_cap_revenue_1b,Non-financial companies with revenue >= $1B,"Technology, Healthcare, Industrials, Consumer Cyclical, Consumer Defensive, Energy, Utilities, Basic Materials, Communication Services, Real Estate",1000000000,inf,1651,K-Means,6,Scenario-specific scaled KPI-8,Scenario-specific scaled KPI-8,0.1695385081060223,1.447523494983134,578.3933765325876,0.1695385081060223,1.447523494983134,578.3933765325876,1.0,5435.126709723291,,,,,
Canonical cross-cohort robustness,scenario_pipeline_v3_economic_validity,non_financial_large_cap_revenue_1b,Non-financial companies with revenue >= $1B,"Technology, Healthcare, Industrials, Consumer Cyclical, Consumer Defensive, Energy, Utilities, Basic Materials, Communication Services, Real Estate",1000000000,inf,1651,K-Means,7,Scenario-specific scaled KPI-8,Scenario-specific scaled KPI-8,0.17844038914934526,1.418988534509966,535.9740455397041,0.17844038914934526,1.418988534509966,535.9740455397041,1.0,5070.920561388316,,,,,
Canonical cross-cohort robustness,scenario_pipeline_v3_economic_validity,non_financial_large_cap_revenue_1b,Non-financial companies with revenue >= $1B,"Technology, Healthcare, Industrials, Consumer Cyclical, Consumer Defensive, Energy, Utilities, Basic Materials, Communication Services, Real Estate",1000000000,inf,1651,K-Means,8,Scenario-specific scaled KPI-8,Scenario-specific scaled KPI-8,0.17409812078651565,1.4249608275967414,505.706149920801,0.17409812078651565,1.4249608275967414,505.706149920801,1.0,4751.892943108202,,,,,
Canonical cross-cohort robustness,scenario_pipeline_v3_economic_validity,non_financial_large_cap_revenue_1b,Non-financial companies with revenue >= $1B,"Technology, Healthcare, Industrials, Consumer Cyclical, Consumer Defensive, Energy, Utilities, Basic Materials, Communication Services, Real Estate",1000000000,inf,1651,K-Means,9,Scenario-specific scaled KPI-8,Scenario-specific scaled KPI-8,0.17451350517352557,1.393325209635707,479.4155279783087,0.17451350517352557,1.393325209635707,479.4155279783087,1.0,4493.763626391752,,,,,
Canonical cross-cohort robustness,scenario_pipeline_v3_economic_validity,non_financial_large_cap_revenue_1b,Non-financial companies with revenue >= $1B,"Technology, Healthcare, Industrials, Consumer Cyclical, Consumer Defensive, Energy, Utilities, Basic Materials, Communication Services, Real Estate",1000000000,inf,1651,K-Means,10,Scenario-specific scaled KPI-8,Scenario-specific scaled KPI-8,0.17641546448537063,1.4051310339892402,457.06123434711697,0.17641546448537063,1.4051310339892402,457.06123434711697,1.0,4274.670563578288,,,,,
Canonical cross-cohort robustness,scenario_pipeline_v3_economic_validity,non_financial_large_cap_revenue_1b,Non-financial companies with revenue >= $1B,"Technology, Healthcare, Industrials, Consumer Cyclical, Consumer Defensive, Energy, Utilities, Basic Materials, Communication Services, Real Estate",1000000000,inf,1651,Agglomerative,2,Scenario-specific scaled KPI-8,Scenario-specific scaled KPI-8,0.596074030176157,0.6731996616948405,1045.8320786222887,0.596074030176157,0.6731996616948405,1045.8320786222887,1.0,,,,,,
Canonical cross-cohort robustness,scenario_pipeline_v3_economic_validity,non_financial_large_cap_revenue_1b,Non-financial companies with revenue >= $1B,"Technology, Healthcare, Industrials, Consumer Cyclical, Consumer Defensive, Energy, Utilities, Basic Materials, Communication Services, Real Estate",1000000000,inf,1651,Agglomerative,3,Scenario-specific scaled KPI-8,Scenario-specific scaled KPI-8,0.17858274915041603,1.6095738737098124,748.0832606847421,0.17858274915041603,1.6095738737098124,748.0832606847421,1.0,,,,,,
Canonical cross-cohort robustness,scenario_pipeline_v3_economic_validity,non_financial_large_cap_revenue_1b,Non-financial companies with revenue >= $1B,"Technology, Healthcare, Industrials, Consumer Cyclical, Consumer Defensive, Energy, Utilities, Basic Materials, Communication Services, Real Estate",1000000000,inf,1651,Agglomerative,4,Scenario-specific scaled KPI-8,Scenario-specific scaled KPI-8,0.17646559109991733,1.5652727294409545,615.987669684703,0.17646559109991733,1.5652727294409545,615.987669684703,1.0,,,,,,
Canonical cross-cohort robustness,scenario_pipeline_v3_economic_validity,non_financial_large_cap_revenue_1b,Non-financial companies with revenue >= $1B,"Technology, Healthcare, Industrials, Consumer Cyclical, Consumer Defensive, Energy, Utilities, Basic Materials, Communication Services, Real Estate",1000000000,inf,1651,Agglomerative,5,Scenario-specific scaled KPI-8,Scenario-specific scaled KPI-8,0.14434363764065078,1.6902366955927683,531.0391925977987,0.14434363764065078,1.6902366955927683,531.0391925977987,1.0,,,,,,
Canonical cross-cohort robustness,scenario_pipeline_v3_economic_validity,non_financial_large_cap_revenue_1b,Non-financial companies with revenue >= $1B,"Technology, Healthcare, Industrials, Consumer Cyclical, Consumer Defensive, Energy, Utilities, Basic Materials, Communication Services, Real Estate",1000000000,inf,1651,Agglomerative,6,Scenario-specific scaled KPI-8,Scenario-specific scaled KPI-8,0.13587646769783573,1.6531840410809728,473.82249008891336,0.13587646769783573,1.6531840410809728,473.82249008891336,1.0,,,,,,
Canonical cross-cohort robustness,scenario_pipeline_v3_economic_validity,non_financial_large_cap_revenue_1b,Non-financial companies with revenue >= $1B,"Technology, Healthcare, Industrials, Consumer Cyclical, Consumer Defensive, Energy, Utilities, Basic Materials, Communication Services, Real Estate",1000000000,inf,1651,Agglomerative,7,Scenario-specific scaled KPI-8,Scenario-specific scaled KPI-8,0.14322273030353425,1.543407425139592,436.5053057889768,0.14322273030353425,1.543407425139592,436.5053057889768,1.0,,,,,,
Canonical cross-cohort robustness,scenario_pipeline_v3_economic_validity,non_financial_large_cap_revenue_1b,Non-financial companies with revenue >= $1B,"Technology, Healthcare, Industrials, Consumer Cyclical, Consumer Defensive, Energy, Utilities, Basic Materials, Communication Services, Real Estate",1000000000,inf,1651,Agglomerative,8,Scenario-specific scaled KPI-8,Scenario-specific scaled KPI-8,0.13860732281352287,1.5304519072867349,413.7364858248744,0.13860732281352287,1.5304519072867349,413.7364858248744,1.0,,,,,,
Canonical cross-cohort robustness,scenario_pipeline_v3_economic_validity,non_financial_large_cap_revenue_1b,Non-financial companies with revenue >= $1B,"Technology, Healthcare, Industrials, Consumer Cyclical, Consumer Defensive, Energy, Utilities, Basic Materials, Communication Services, Real Estate",1000000000,inf,1651,Agglomerative,9,Scenario-specific scaled KPI-8,Scenario-specific scaled KPI-8,0.12712789613777215,1.5652088967994253,395.4261229877691,0.12712789613777215,1.5652088967994253,395.4261229877691,1.0,,,,,,
Canonical cross-cohort robustness,scenario_pipeline_v3_economic_validity,non_financial_large_cap_revenue_1b,Non-financial companies with revenue >= $1B,"Technology, Healthcare, Industrials, Consumer Cyclical, Consumer Defensive, Energy, Utilities, Basic Materials, Communication Services, Real Estate",1000000000,inf,1651,Agglomerative,10,Scenario-specific scaled KPI-8,Scenario-specific scaled KPI-8,0.13517657646110545,1.5704034800593907,384.25884786221485,0.13517657646110545,1.5704034800593907,384.25884786221485,1.0,,,,,,
Canonical cross-cohort robustness,scenario_pipeline_v3_economic_validity,non_financial_large_cap_revenue_1b,Non-financial companies with revenue >= $1B,"Technology, Healthcare, Industrials, Consumer Cyclical, Consumer Defensive, Energy, Utilities, Basic Materials, Communication Services, Real Estate",1000000000,inf,1651,Gaussian Mixture,2,Scenario-specific scaled KPI-8,Scenario-specific scaled KPI-8,0.22079898709840845,1.9973334140733179,352.22714968033057,0.22079898709840845,1.9973334140733179,352.22714968033057,1.0,,24950.164237729525,25431.577381238418,,,
Canonical cross-cohort robustness,scenario_pipeline_v3_economic_validity,non_financial_large_cap_revenue_1b,Non-financial companies with revenue >= $1B,"Technology, Healthcare, Industrials, Consumer Cyclical, Consumer Defensive, Energy, Utilities, Basic Materials, Communication Services, Real Estate",1000000000,inf,1651,Gaussian Mixture,3,Scenario-specific scaled KPI-8,Scenario-specific scaled KPI-8,0.12479608376781412,1.951625533229717,455.6211361728699,0.12479608376781412,1.951625533229717,455.6211361728699,1.0,,23393.73199745227,24118.556280937566,,,
Canonical cross-cohort robustness,scenario_pipeline_v3_economic_validity,non_financial_large_cap_revenue_1b,Non-financial companies with revenue >= $1B,"Technology, Healthcare, Industrials, Consumer Cyclical, Consumer Defensive, Energy, Utilities, Basic Materials, Communication Services, Real Estate",1000000000,inf,1651,Gaussian Mixture,4,Scenario-specific scaled KPI-8,Scenario-specific scaled KPI-8,0.11991046948435224,1.8393483434146132,465.1057627326821,0.11991046948435224,1.8393483434146132,465.1057627326821,1.0,,22145.438948207942,23113.674371669644,,,
Canonical cross-cohort robustness,scenario_pipeline_v3_economic_validity,non_financial_large_cap_revenue_1b,Non-financial companies with revenue >= $1B,"Technology, Healthcare, Industrials, Consumer Cyclical, Consumer Defensive, Energy, Utilities, Basic Materials, Communication Services, Real Estate",1000000000,inf,1651,Gaussian Mixture,5,Scenario-specific scaled KPI-8,Scenario-specific scaled KPI-8,0.0585074231047282,2.0258904877486286,381.75411207770117,0.0585074231047282,2.0258904877486286,381.75411207770117,1.0,,21304.101244988364,22515.747808426473,,,
Canonical cross-cohort robustness,scenario_pipeline_v3_economic_validity,non_financial_large_cap_revenue_1b,Non-financial companies with revenue >= $1B,"Technology, Healthcare, Industrials, Consumer Cyclical, Consumer Defensive, Energy, Utilities, Basic Materials, Communication Services, Real Estate",1000000000,inf,1651,Gaussian Mixture,6,Scenario-specific scaled KPI-8,Scenario-specific scaled KPI-8,0.06864345178904067,2.0377802714626205,301.522198781474,0.06864345178904067,2.0377802714626205,301.522198781474,1.0,,20927.27634261394,22382.334046028453,,,
Canonical cross-cohort robustness,scenario_pipeline_v3_economic_validity,non_financial_large_cap_revenue_1b,Non-financial companies with revenue >= $1B,"Technology, Healthcare, Industrials, Consumer Cyclical, Consumer Defensive, Energy, Utilities, Basic Materials, Communication Services, Real Estate",1000000000,inf,1651,Gaussian Mixture,7,Scenario-specific scaled KPI-8,Scenario-specific scaled KPI-8,0.049334522362628745,2.179172347416304,275.08736612146373,0.049334522362628745,2.179172347416304,275.08736612146373,1.0,,20178.249071428512,21876.717914819434,,,
Canonical cross-cohort robustness,scenario_pipeline_v3_economic_validity,non_financial_large_cap_revenue_1b,Non-financial companies with revenue >= $1B,"Technology, Healthcare, Industrials, Consumer Cyclical, Consumer Defensive, Energy, Utilities, Basic Materials, Communication Services, Real Estate",1000000000,inf,1651,Gaussian Mixture,8,Scenario-specific scaled KPI-8,Scenario-specific scaled KPI-8,0.04482672359881635,2.305481980670347,261.66022920973757,0.04482672359881635,2.305481980670347,261.66022920973757,1.0,,19936.16475864323,21878.044742010556,,,
Canonical cross-cohort robustness,scenario_pipeline_v3_economic_validity,non_financial_large_cap_revenue_1b,Non-financial companies with revenue >= $1B,"Technology, Healthcare, Industrials, Consumer Cyclical, Consumer Defensive, Energy, Utilities, Basic Materials, Communication Services, Real Estate",1000000000,inf,1651,Gaussian Mixture,9,Scenario-specific scaled KPI-8,Scenario-specific scaled KPI-8,0.04435314415579641,2.289866318705335,243.452944824518,0.04435314415579641,2.289866318705335,243.452944824518,1.0,,19588.399240837964,21773.690364181697,,,
Canonical cross-cohort robustness,scenario_pipeline_v3_economic_validity,non_financial_large_cap_revenue_1b,Non-financial companies with revenue >= $1B,"Technology, Healthcare, Industrials, Consumer Cyclical, Consumer Defensive, Energy, Utilities, Basic Materials, Communication Services, Real Estate",1000000000,inf,1651,Gaussian Mixture,10,Scenario-specific scaled KPI-8,Scenario-specific scaled KPI-8,0.024510889629004728,2.5147529019193153,228.32344519004758,0.024510889629004728,2.5147529019193153,228.32344519004758,1.0,,19543.066428146452,21971.76869146659,,,
Canonical cross-cohort robustness,scenario_pipeline_v3_economic_validity,non_financial_large_cap_revenue_1b,Non-financial companies with revenue >= $1B,"Technology, Healthcare, Industrials, Consumer Cyclical, Consumer Defensive, Energy, Utilities, Basic Materials, Communication Services, Real Estate",1000000000,inf,1651,HDBSCAN,2,Scenario-specific scaled KPI-8,Scenario-specific scaled KPI-8,0.6410468975858931,0.5458547422611134,768.3707692944135,0.6410468975858931,0.5458547422611134,768.3707692944135,0.9170199878861296,,,,0.0829800121138704,10.0,5.0
Canonical cross-cohort robustness,scenario_pipeline_v3_economic_validity,non_financial_large_cap_revenue_1b,Non-financial companies with revenue >= $1B,"Technology, Healthcare, Industrials, Consumer Cyclical, Consumer Defensive, Energy, Utilities, Basic Materials, Communication Services, Real Estate",1000000000,inf,1651,HDBSCAN,2,Scenario-specific scaled KPI-8,Scenario-specific scaled KPI-8,0.637795395307857,0.5270797483310468,734.4214326694033,0.637795395307857,0.5270797483310468,734.4214326694033,0.9285281647486372,,,,0.0714718352513628,10.0,10.0
Canonical cross-cohort robustness,scenario_pipeline_v3_economic_validity,non_financial_large_cap_revenue_1b,Non-financial companies with revenue >= $1B,"Technology, Healthcare, Industrials, Consumer Cyclical, Consumer Defensive, Energy, Utilities, Basic Materials, Communication Services, Real Estate",1000000000,inf,1651,HDBSCAN,2,Scenario-specific scaled KPI-8,Scenario-specific scaled KPI-8,0.6371482901135445,0.534586921544376,784.7655119218035,0.6371482901135445,0.534586921544376,784.7655119218035,0.9327680193821926,,,,0.06723198061780744,10.0,15.0
Canonical cross-cohort robustness,scenario_pipeline_v3_economic_validity,non_financial_large_cap_revenue_1b,Non-financial companies with revenue >= $1B,"Technology, Healthcare, Industrials, Consumer Cyclical, Consumer Defensive, Energy, Utilities, Basic Materials, Communication Services, Real Estate",1000000000,inf,1651,HDBSCAN,2,Scenario-specific scaled KPI-8,Scenario-specific scaled KPI-8,0.6410468975858931,0.5458547422611134,768.3707692944135,0.6410468975858931,0.5458547422611134,768.3707692944135,0.9170199878861296,,,,0.0829800121138704,15.0,5.0
Canonical cross-cohort robustness,scenario_pipeline_v3_economic_validity,non_financial_large_cap_revenue_1b,Non-financial companies with revenue >= $1B,"Technology, Healthcare, Industrials, Consumer Cyclical, Consumer Defensive, Energy, Utilities, Basic Materials, Communication Services, Real Estate",1000000000,inf,1651,HDBSCAN,2,Scenario-specific scaled KPI-8,Scenario-specific scaled KPI-8,0.637795395307857,0.5270797483310468,734.4214326694033,0.637795395307857,0.5270797483310468,734.4214326694033,0.9285281647486372,,,,0.0714718352513628,15.0,10.0
Canonical cross-cohort robustness,scenario_pipeline_v3_economic_validity,non_financial_large_cap_revenue_1b,Non-financial companies with revenue >= $1B,"Technology, Healthcare, Industrials, Consumer Cyclical, Consumer Defensive, Energy, Utilities, Basic Materials, Communication Services, Real Estate",1000000000,inf,1651,HDBSCAN,2,Scenario-specific scaled KPI-8,Scenario-specific scaled KPI-8,0.6371482901135445,0.534586921544376,784.7655119218035,0.6371482901135445,0.534586921544376,784.7655119218035,0.9327680193821926,,,,0.06723198061780744,15.0,15.0
Canonical cross-cohort robustness,scenario_pipeline_v3_economic_validity,non_financial_large_cap_revenue_1b,Non-financial companies with revenue >= $1B,"Technology, Healthcare, Industrials, Consumer Cyclical, Consumer Defensive, Energy, Utilities, Basic Materials, Communication Services, Real Estate",1000000000,inf,1651,HDBSCAN,2,Scenario-specific scaled KPI-8,Scenario-specific scaled KPI-8,0.6410468975858931,0.5458547422611134,768.3707692944135,0.6410468975858931,0.5458547422611134,768.3707692944135,0.9170199878861296,,,,0.0829800121138704,20.0,5.0
Canonical cross-cohort robustness,scenario_pipeline_v3_economic_validity,non_financial_large_cap_revenue_1b,Non-financial companies with revenue >= $1B,"Technology, Healthcare, Industrials, Consumer Cyclical, Consumer Defensive, Energy, Utilities, Basic Materials, Communication Services, Real Estate",1000000000,inf,1651,HDBSCAN,2,Scenario-specific scaled KPI-8,Scenario-specific scaled KPI-8,0.637795395307857,0.5270797483310468,734.4214326694033,0.637795395307857,0.5270797483310468,734.4214326694033,0.9285281647486372,,,,0.0714718352513628,20.0,10.0
Canonical cross-cohort robustness,scenario_pipeline_v3_economic_validity,non_financial_large_cap_revenue_1b,Non-financial companies with revenue >= $1B,"Technology, Healthcare, Industrials, Consumer Cyclical, Consumer Defensive, Energy, Utilities, Basic Materials, Communication Services, Real Estate",1000000000,inf,1651,HDBSCAN,2,Scenario-specific scaled KPI-8,Scenario-specific scaled KPI-8,0.6371482901135445,0.534586921544376,784.7655119218035,0.6371482901135445,0.534586921544376,784.7655119218035,0.9327680193821926,,,,0.06723198061780744,20.0,15.0
Canonical cross-cohort robustness,scenario_pipeline_v3_economic_validity,non_financial_large_cap_revenue_1b,Non-financial companies with revenue >= $1B,"Technology, Healthcare, Industrials, Consumer Cyclical, Consumer Defensive, Energy, Utilities, Basic Materials, Communication Services, Real Estate",1000000000,inf,1651,HDBSCAN,2,Scenario-specific scaled KPI-8,Scenario-specific scaled KPI-8,0.6410468975858931,0.5458547422611134,768.3707692944135,0.6410468975858931,0.5458547422611134,768.3707692944135,0.9170199878861296,,,,0.0829800121138704,25.0,5.0
Canonical cross-cohort robustness,scenario_pipeline_v3_economic_validity,non_financial_large_cap_revenue_1b,Non-financial companies with revenue >= $1B,"Technology, Healthcare, Industrials, Consumer Cyclical, Consumer Defensive, Energy, Utilities, Basic Materials, Communication Services, Real Estate",1000000000,inf,1651,HDBSCAN,2,Scenario-specific scaled KPI-8,Scenario-specific scaled KPI-8,0.637795395307857,0.5270797483310468,734.4214326694033,0.637795395307857,0.5270797483310468,734.4214326694033,0.9285281647486372,,,,0.0714718352513628,25.0,10.0
Canonical cross-cohort robustness,scenario_pipeline_v3_economic_validity,non_financial_large_cap_revenue_1b,Non-financial companies with revenue >= $1B,"Technology, Healthcare, Industrials, Consumer Cyclical, Consumer Defensive, Energy, Utilities, Basic Materials, Communication Services, Real Estate",1000000000,inf,1651,HDBSCAN,2,Scenario-specific scaled KPI-8,Scenario-specific scaled KPI-8,0.6371482901135445,0.534586921544376,784.7655119218035,0.6371482901135445,0.534586921544376,784.7655119218035,0.9327680193821926,,,,0.06723198061780744,25.0,15.0
