Scenario ID,Scenario Name,Sector Filter,Revenue Minimum,Revenue Maximum,N Companies,Model,K,Silhouette Score,Davies-Bouldin Index,Calinski-Harabasz Score,Inertia,AIC,BIC,Noise Share,Min Cluster Size,Min Samples
technology_revenue_20m,Technology companies with revenue >= $20M,Technology,20000000,inf,588,K-Means,2,0.2615001147074062,1.5969642819044507,196.2832004648778,4386.347106761542,,,,,
technology_revenue_20m,Technology companies with revenue >= $20M,Technology,20000000,inf,588,K-Means,3,0.27668963169153193,1.379077549312879,172.0872476290131,3686.6165588082536,,,,,
technology_revenue_20m,Technology companies with revenue >= $20M,Technology,20000000,inf,588,K-Means,4,0.2670579669682898,1.3220737202430128,180.35010039953744,3039.5569903057267,,,,,
technology_revenue_20m,Technology companies with revenue >= $20M,Technology,20000000,inf,588,K-Means,5,0.2703300562472568,1.2372608272544727,166.56176906121496,2732.6851505858103,,,,,
technology_revenue_20m,Technology companies with revenue >= $20M,Technology,20000000,inf,588,K-Means,6,0.2692328130520421,1.2511831607121617,157.46471151361487,2488.7787426463738,,,,,
technology_revenue_20m,Technology companies with revenue >= $20M,Technology,20000000,inf,588,K-Means,7,0.26478802157662895,1.2321602060171402,155.35289569192165,2248.396487418098,,,,,
technology_revenue_20m,Technology companies with revenue >= $20M,Technology,20000000,inf,588,K-Means,8,0.2731935496326428,1.264675127910663,150.31477627583126,2080.7652684124973,,,,,
technology_revenue_20m,Technology companies with revenue >= $20M,Technology,20000000,inf,588,K-Means,9,0.24773750646064513,1.3759201453752592,141.75845266018953,1979.1259851049206,,,,,
technology_revenue_20m,Technology companies with revenue >= $20M,Technology,20000000,inf,588,K-Means,10,0.21971085402787952,1.368503301263793,135.76204622566868,1880.437394735087,,,,,
technology_revenue_20m,Technology companies with revenue >= $20M,Technology,20000000,inf,588,Agglomerative,2,0.24568034882213227,1.6938245262446343,170.30132587912365,,,,,,
technology_revenue_20m,Technology companies with revenue >= $20M,Technology,20000000,inf,588,Agglomerative,3,0.25252666910757043,1.425761474713837,142.43005585941904,,,,,,
technology_revenue_20m,Technology companies with revenue >= $20M,Technology,20000000,inf,588,Agglomerative,4,0.24561075312649353,1.4125108757381792,144.45684286440763,,,,,,
technology_revenue_20m,Technology companies with revenue >= $20M,Technology,20000000,inf,588,Agglomerative,5,0.24807962430663633,1.3864989322623251,136.76683442814712,,,,,,
technology_revenue_20m,Technology companies with revenue >= $20M,Technology,20000000,inf,588,Agglomerative,6,0.2572847632854883,1.4571263999318607,130.06549001942983,,,,,,
technology_revenue_20m,Technology companies with revenue >= $20M,Technology,20000000,inf,588,Agglomerative,7,0.25683722691914096,1.4190506480377838,128.28697166312602,,,,,,
technology_revenue_20m,Technology companies with revenue >= $20M,Technology,20000000,inf,588,Agglomerative,8,0.23868051968113,1.398833942970322,129.05327361248942,,,,,,
technology_revenue_20m,Technology companies with revenue >= $20M,Technology,20000000,inf,588,Agglomerative,9,0.243068689876438,1.2940195725228183,122.35860519511823,,,,,,
technology_revenue_20m,Technology companies with revenue >= $20M,Technology,20000000,inf,588,Agglomerative,10,0.24296486001648987,1.241814746084657,117.02620461354975,,,,,,
technology_revenue_20m,Technology companies with revenue >= $20M,Technology,20000000,inf,588,Gaussian Mixture,2,0.2380745345927054,1.682748441749764,176.39096503903784,,11520.441967900715,11909.970666263693,,,
technology_revenue_20m,Technology companies with revenue >= $20M,Technology,20000000,inf,588,Gaussian Mixture,3,0.186547117285896,2.0423241474697167,118.93279330465312,,10861.895571236711,11448.376982255128,,,
technology_revenue_20m,Technology companies with revenue >= $20M,Technology,20000000,inf,588,Gaussian Mixture,4,0.20159730133586123,1.7472749208890699,134.14865839409333,,10375.20222483721,11158.636348511065,,,
technology_revenue_20m,Technology companies with revenue >= $20M,Technology,20000000,inf,588,Gaussian Mixture,5,0.13843662628566603,2.055576529184475,100.80286063958957,,9850.467796432276,10830.85463276157,,,
technology_revenue_20m,Technology companies with revenue >= $20M,Technology,20000000,inf,588,Gaussian Mixture,6,0.09245290974742656,2.029536065094669,85.91724934153584,,9523.999614178865,10701.339163163595,,,
technology_revenue_20m,Technology companies with revenue >= $20M,Technology,20000000,inf,588,Gaussian Mixture,7,0.1266343146325957,1.8822140824795721,102.94931657695865,,9513.87220351084,10888.164465151009,,,
technology_revenue_20m,Technology companies with revenue >= $20M,Technology,20000000,inf,588,Gaussian Mixture,8,0.15428378037449697,1.886527789157776,92.00222330934346,,9271.080582257178,10842.325556552785,,,
technology_revenue_20m,Technology companies with revenue >= $20M,Technology,20000000,inf,588,Gaussian Mixture,9,0.10541041008121341,1.8419012909912498,77.17255798738105,,9072.000059263695,10840.19774621474,,,
technology_revenue_20m,Technology companies with revenue >= $20M,Technology,20000000,inf,588,Gaussian Mixture,10,0.13273431153141343,1.684968286982412,85.58486507592826,,9132.929852062958,11098.080251669442,,,
technology_revenue_20m,Technology companies with revenue >= $20M,Technology,20000000,inf,588,HDBSCAN,2,0.3499780680032525,0.7981510214127476,33.20668170963738,,,,0.20578231292517007,10.0,5.0
technology_revenue_20m,Technology companies with revenue >= $20M,Technology,20000000,inf,588,HDBSCAN,3,0.393454710623718,0.8533403280237151,91.06008034910461,,,,0.7210884353741497,10.0,10.0
technology_revenue_20m,Technology companies with revenue >= $20M,Technology,20000000,inf,588,HDBSCAN,0,,,,,,,1.0,10.0,15.0
technology_revenue_20m,Technology companies with revenue >= $20M,Technology,20000000,inf,588,HDBSCAN,4,0.36026266441114596,0.9800053729541971,133.84428511818857,,,,0.5884353741496599,15.0,5.0
technology_revenue_20m,Technology companies with revenue >= $20M,Technology,20000000,inf,588,HDBSCAN,2,0.4856204536426709,0.6019040487310284,85.27731915046101,,,,0.6547619047619048,15.0,10.0
technology_revenue_20m,Technology companies with revenue >= $20M,Technology,20000000,inf,588,HDBSCAN,0,,,,,,,1.0,15.0,15.0
technology_revenue_20m,Technology companies with revenue >= $20M,Technology,20000000,inf,588,HDBSCAN,4,0.36026266441114596,0.9800053729541971,133.84428511818857,,,,0.5884353741496599,20.0,5.0
technology_revenue_20m,Technology companies with revenue >= $20M,Technology,20000000,inf,588,HDBSCAN,0,,,,,,,1.0,20.0,10.0
technology_revenue_20m,Technology companies with revenue >= $20M,Technology,20000000,inf,588,HDBSCAN,0,,,,,,,1.0,20.0,15.0
technology_revenue_20m,Technology companies with revenue >= $20M,Technology,20000000,inf,588,HDBSCAN,3,0.34259617014021115,1.0273732688356374,126.1342905743989,,,,0.5697278911564626,25.0,5.0
technology_revenue_20m,Technology companies with revenue >= $20M,Technology,20000000,inf,588,HDBSCAN,0,,,,,,,1.0,25.0,10.0
technology_revenue_20m,Technology companies with revenue >= $20M,Technology,20000000,inf,588,HDBSCAN,0,,,,,,,1.0,25.0,15.0
healthcare_revenue_50m,Healthcare companies with revenue >= $50M,Healthcare,50000000,inf,440,K-Means,2,0.45609995716139917,0.8909814392070645,253.3002898493003,2572.751729823263,,,,,
healthcare_revenue_50m,Healthcare companies with revenue >= $50M,Healthcare,50000000,inf,440,K-Means,3,0.23472909356525404,1.4353892425384958,203.25946220672984,2103.667579234828,,,,,
healthcare_revenue_50m,Healthcare companies with revenue >= $50M,Healthcare,50000000,inf,440,K-Means,4,0.26328150950561713,1.2507237953974801,200.84939245437803,1704.7093717666874,,,,,
healthcare_revenue_50m,Healthcare companies with revenue >= $50M,Healthcare,50000000,inf,440,K-Means,5,0.2560734693440149,1.2864979884846814,187.42205298269863,1490.9933182553266,,,,,
healthcare_revenue_50m,Healthcare companies with revenue >= $50M,Healthcare,50000000,inf,440,K-Means,6,0.24856205027377062,1.2489811288474244,167.86232165190071,1384.030110144117,,,,,
healthcare_revenue_50m,Healthcare companies with revenue >= $50M,Healthcare,50000000,inf,440,K-Means,7,0.23386228324706143,1.3273686946815177,154.4732088177962,1292.9770918814886,,,,,
healthcare_revenue_50m,Healthcare companies with revenue >= $50M,Healthcare,50000000,inf,440,K-Means,8,0.24495098643601526,1.3283739084986794,146.16830816574506,1205.4746638689985,,,,,
healthcare_revenue_50m,Healthcare companies with revenue >= $50M,Healthcare,50000000,inf,440,K-Means,9,0.23205193255438053,1.3517041699493515,140.57507531511655,1125.044432522446,,,,,
healthcare_revenue_50m,Healthcare companies with revenue >= $50M,Healthcare,50000000,inf,440,K-Means,10,0.2289937321353729,1.348039395153819,134.09092494138997,1066.7397647078212,,,,,
healthcare_revenue_50m,Healthcare companies with revenue >= $50M,Healthcare,50000000,inf,440,Agglomerative,2,0.45627436037708896,0.8895474560975752,243.06251355569768,,,,,,
healthcare_revenue_50m,Healthcare companies with revenue >= $50M,Healthcare,50000000,inf,440,Agglomerative,3,0.30213067275602434,1.2219627183876607,192.77387638728152,,,,,,
healthcare_revenue_50m,Healthcare companies with revenue >= $50M,Healthcare,50000000,inf,440,Agglomerative,4,0.21947278406191684,1.3648098641384068,176.90877418599234,,,,,,
healthcare_revenue_50m,Healthcare companies with revenue >= $50M,Healthcare,50000000,inf,440,Agglomerative,5,0.21357965658229625,1.327554637410175,160.61147107068606,,,,,,
healthcare_revenue_50m,Healthcare companies with revenue >= $50M,Healthcare,50000000,inf,440,Agglomerative,6,0.23284278946898918,1.336157877057061,154.69674208699496,,,,,,
healthcare_revenue_50m,Healthcare companies with revenue >= $50M,Healthcare,50000000,inf,440,Agglomerative,7,0.2083393141258715,1.3195561287112016,141.38524577587853,,,,,,
healthcare_revenue_50m,Healthcare companies with revenue >= $50M,Healthcare,50000000,inf,440,Agglomerative,8,0.20054551732539008,1.4435687604616678,132.73331158569496,,,,,,
healthcare_revenue_50m,Healthcare companies with revenue >= $50M,Healthcare,50000000,inf,440,Agglomerative,9,0.20806601770100025,1.4125037298070944,126.98715942881621,,,,,,
healthcare_revenue_50m,Healthcare companies with revenue >= $50M,Healthcare,50000000,inf,440,Agglomerative,10,0.20635802617876242,1.3905110541531036,123.35017897752671,,,,,,
healthcare_revenue_50m,Healthcare companies with revenue >= $50M,Healthcare,50000000,inf,440,Gaussian Mixture,2,0.31774710839416476,1.3237320168708535,185.46386535963148,,7387.404407882511,7751.127358577706,,,
healthcare_revenue_50m,Healthcare companies with revenue >= $50M,Healthcare,50000000,inf,440,Gaussian Mixture,3,0.20107436271841964,1.6275980026423218,166.17114551262281,,6696.8843419508,7244.51215535705,,,
healthcare_revenue_50m,Healthcare companies with revenue >= $50M,Healthcare,50000000,inf,440,Gaussian Mixture,4,0.13434199567678032,1.769893433520426,122.47313545694847,,6461.617915887473,7193.150592004776,,,
healthcare_revenue_50m,Healthcare companies with revenue >= $50M,Healthcare,50000000,inf,440,Gaussian Mixture,5,0.11233345611672378,2.012775242283811,106.66088029904458,,6226.854083504307,7142.291622332663,,,
healthcare_revenue_50m,Healthcare companies with revenue >= $50M,Healthcare,50000000,inf,440,Gaussian Mixture,6,0.1706674837416066,1.5824846365352245,128.05021603925846,,5817.882044463757,6917.224446003167,,,
healthcare_revenue_50m,Healthcare companies with revenue >= $50M,Healthcare,50000000,inf,440,Gaussian Mixture,7,0.15282943426503087,1.6588648302235167,117.89962774404687,,5636.140304170385,6919.38756842085,,,
healthcare_revenue_50m,Healthcare companies with revenue >= $50M,Healthcare,50000000,inf,440,Gaussian Mixture,8,0.14688552028545618,1.6065676616564064,112.56023903357936,,5445.72234633996,6912.874473301477,,,
healthcare_revenue_50m,Healthcare companies with revenue >= $50M,Healthcare,50000000,inf,440,Gaussian Mixture,9,0.15181554214067008,1.583308567452228,109.04243861163606,,5399.151564660964,7050.208554333536,,,
healthcare_revenue_50m,Healthcare companies with revenue >= $50M,Healthcare,50000000,inf,440,Gaussian Mixture,10,0.12112355794351774,1.8676144106153363,91.33085820191698,,5222.8532497876095,7057.815102171235,,,
healthcare_revenue_50m,Healthcare companies with revenue >= $50M,Healthcare,50000000,inf,440,HDBSCAN,3,0.3815809671738658,0.6736809985509048,146.2468237622393,,,,0.11136363636363636,10.0,5.0
healthcare_revenue_50m,Healthcare companies with revenue >= $50M,Healthcare,50000000,inf,440,HDBSCAN,2,0.6215222341998727,0.4239338562620689,228.26882855595562,,,,0.19772727272727272,10.0,10.0
healthcare_revenue_50m,Healthcare companies with revenue >= $50M,Healthcare,50000000,inf,440,HDBSCAN,2,0.6101265404506256,0.45423808488763917,214.5041973870791,,,,0.18863636363636363,10.0,15.0
healthcare_revenue_50m,Healthcare companies with revenue >= $50M,Healthcare,50000000,inf,440,HDBSCAN,2,0.574827779876626,0.5390091449199487,250.74049856466323,,,,0.1340909090909091,15.0,5.0
healthcare_revenue_50m,Healthcare companies with revenue >= $50M,Healthcare,50000000,inf,440,HDBSCAN,2,0.6215222341998727,0.4239338562620689,228.26882855595562,,,,0.19772727272727272,15.0,10.0
healthcare_revenue_50m,Healthcare companies with revenue >= $50M,Healthcare,50000000,inf,440,HDBSCAN,2,0.6101265404506256,0.45423808488763917,214.5041973870791,,,,0.18863636363636363,15.0,15.0
healthcare_revenue_50m,Healthcare companies with revenue >= $50M,Healthcare,50000000,inf,440,HDBSCAN,2,0.574827779876626,0.5390091449199487,250.74049856466323,,,,0.1340909090909091,20.0,5.0
healthcare_revenue_50m,Healthcare companies with revenue >= $50M,Healthcare,50000000,inf,440,HDBSCAN,2,0.6215222341998727,0.4239338562620689,228.26882855595562,,,,0.19772727272727272,20.0,10.0
healthcare_revenue_50m,Healthcare companies with revenue >= $50M,Healthcare,50000000,inf,440,HDBSCAN,2,0.6101265404506256,0.45423808488763917,214.5041973870791,,,,0.18863636363636363,20.0,15.0
healthcare_revenue_50m,Healthcare companies with revenue >= $50M,Healthcare,50000000,inf,440,HDBSCAN,2,0.574827779876626,0.5390091449199487,250.74049856466323,,,,0.1340909090909091,25.0,5.0
healthcare_revenue_50m,Healthcare companies with revenue >= $50M,Healthcare,50000000,inf,440,HDBSCAN,0,,,,,,,1.0,25.0,10.0
healthcare_revenue_50m,Healthcare companies with revenue >= $50M,Healthcare,50000000,inf,440,HDBSCAN,0,,,,,,,1.0,25.0,15.0
industrials_revenue_20m,Industrials companies with revenue >= $20M,Industrials,20000000,inf,553,K-Means,2,0.3986428987199713,1.2501843455185107,159.5491195084237,5343.606273058891,,,,,
industrials_revenue_20m,Industrials companies with revenue >= $20M,Industrials,20000000,inf,553,K-Means,3,0.4312034788266133,1.0446433134089956,196.34271741558084,4020.433196754405,,,,,
industrials_revenue_20m,Industrials companies with revenue >= $20M,Industrials,20000000,inf,553,K-Means,4,0.27795482723750575,1.3483534843109195,188.99092564453986,3389.968804308449,,,,,
industrials_revenue_20m,Industrials companies with revenue >= $20M,Industrials,20000000,inf,553,K-Means,5,0.2931355302718341,1.3048457787365924,183.74696155971543,2943.303005794628,,,,,
industrials_revenue_20m,Industrials companies with revenue >= $20M,Industrials,20000000,inf,553,K-Means,6,0.2976168651699567,1.2895668910893219,172.6351736233959,2672.951050592305,,,,,
industrials_revenue_20m,Industrials companies with revenue >= $20M,Industrials,20000000,inf,553,K-Means,7,0.3077856599341492,1.1671518958057978,161.31587731968756,2485.2711028608223,,,,,
industrials_revenue_20m,Industrials companies with revenue >= $20M,Industrials,20000000,inf,553,K-Means,8,0.27840819321193344,1.213392172081459,155.30494235646594,2301.0046133501332,,,,,
industrials_revenue_20m,Industrials companies with revenue >= $20M,Industrials,20000000,inf,553,K-Means,9,0.21791515282893914,1.2380008832421237,149.29864020132987,2156.3977095307364,,,,,
industrials_revenue_20m,Industrials companies with revenue >= $20M,Industrials,20000000,inf,553,K-Means,10,0.21191402185224956,1.3229039842266113,144.4453097954411,2030.2504569568102,,,,,
industrials_revenue_20m,Industrials companies with revenue >= $20M,Industrials,20000000,inf,553,Agglomerative,2,0.4443085489819493,1.0249471473852307,143.85574484316348,,,,,,
industrials_revenue_20m,Industrials companies with revenue >= $20M,Industrials,20000000,inf,553,Agglomerative,3,0.43878609969814086,0.9946328371705085,190.56569866697365,,,,,,
industrials_revenue_20m,Industrials companies with revenue >= $20M,Industrials,20000000,inf,553,Agglomerative,4,0.2486505037901866,1.3242256251629134,177.54139380702597,,,,,,
industrials_revenue_20m,Industrials companies with revenue >= $20M,Industrials,20000000,inf,553,Agglomerative,5,0.26883606793194814,1.3456295430194687,165.87155440536048,,,,,,
industrials_revenue_20m,Industrials companies with revenue >= $20M,Industrials,20000000,inf,553,Agglomerative,6,0.27813446044102125,1.204964999380505,153.51218887320806,,,,,,
industrials_revenue_20m,Industrials companies with revenue >= $20M,Industrials,20000000,inf,553,Agglomerative,7,0.28449719247336136,1.189064240178886,147.22416974169138,,,,,,
industrials_revenue_20m,Industrials companies with revenue >= $20M,Industrials,20000000,inf,553,Agglomerative,8,0.26489328613885044,1.1935694776979204,142.12900588608227,,,,,,
industrials_revenue_20m,Industrials companies with revenue >= $20M,Industrials,20000000,inf,553,Agglomerative,9,0.26686384201798535,1.1788182825293279,135.12809515009366,,,,,,
industrials_revenue_20m,Industrials companies with revenue >= $20M,Industrials,20000000,inf,553,Agglomerative,10,0.19367280094951347,1.2937122861579866,129.4770571484731,,,,,,
industrials_revenue_20m,Industrials companies with revenue >= $20M,Industrials,20000000,inf,553,Gaussian Mixture,2,0.27591036911468664,2.3629264032421204,87.2875670837224,,10944.426679265187,11328.493541400674,,,
industrials_revenue_20m,Industrials companies with revenue >= $20M,Industrials,20000000,inf,553,Gaussian Mixture,3,0.21029885809991133,1.9926052777489982,97.1539324477355,,10509.251325815743,11087.509298019737,,,
industrials_revenue_20m,Industrials companies with revenue >= $20M,Industrials,20000000,inf,553,Gaussian Mixture,4,0.21994171698177448,1.6615757821931314,120.09801938899065,,10231.85399325695,11004.303075529448,,,
industrials_revenue_20m,Industrials companies with revenue >= $20M,Industrials,20000000,inf,553,Gaussian Mixture,5,0.13475110329238693,1.643504434564226,123.28834255842276,,9647.334304446995,10613.974496787998,,,
industrials_revenue_20m,Industrials companies with revenue >= $20M,Industrials,20000000,inf,553,Gaussian Mixture,6,0.1484994729488852,1.5664811982744036,139.81918437096766,,9550.863723706618,10711.695026116126,,,
industrials_revenue_20m,Industrials companies with revenue >= $20M,Industrials,20000000,inf,553,Gaussian Mixture,7,0.1477826158188043,1.7267698156551587,131.65192804955885,,9320.102124437337,10675.12453691535,,,
industrials_revenue_20m,Industrials companies with revenue >= $20M,Industrials,20000000,inf,553,Gaussian Mixture,8,0.16580308474573294,1.6149224668936193,130.64313827606748,,9178.217036734704,10727.430559281223,,,
industrials_revenue_20m,Industrials companies with revenue >= $20M,Industrials,20000000,inf,553,Gaussian Mixture,9,0.1693417017130535,1.498900559680396,96.189683763245,,9019.266596390727,10762.671229005751,,,
industrials_revenue_20m,Industrials companies with revenue >= $20M,Industrials,20000000,inf,553,Gaussian Mixture,10,0.1436571469710914,1.5988690834271784,101.95737100437965,,8934.536120943327,10872.131863626855,,,
industrials_revenue_20m,Industrials companies with revenue >= $20M,Industrials,20000000,inf,553,HDBSCAN,5,0.45102612125279395,0.610159261555691,197.04864496932032,,,,0.4376130198915009,10.0,5.0
industrials_revenue_20m,Industrials companies with revenue >= $20M,Industrials,20000000,inf,553,HDBSCAN,4,0.48428713784798344,0.534108146644763,149.937519765714,,,,0.43399638336347196,10.0,10.0
industrials_revenue_20m,Industrials companies with revenue >= $20M,Industrials,20000000,inf,553,HDBSCAN,0,,,,,,,1.0,10.0,15.0
industrials_revenue_20m,Industrials companies with revenue >= $20M,Industrials,20000000,inf,553,HDBSCAN,2,0.5429026046370481,0.6081389215820096,131.72634797145963,,,,0.15370705244122965,15.0,5.0
industrials_revenue_20m,Industrials companies with revenue >= $20M,Industrials,20000000,inf,553,HDBSCAN,0,,,,,,,1.0,15.0,10.0
industrials_revenue_20m,Industrials companies with revenue >= $20M,Industrials,20000000,inf,553,HDBSCAN,0,,,,,,,1.0,15.0,15.0
industrials_revenue_20m,Industrials companies with revenue >= $20M,Industrials,20000000,inf,553,HDBSCAN,2,0.5429026046370481,0.6081389215820096,131.72634797145963,,,,0.15370705244122965,20.0,5.0
industrials_revenue_20m,Industrials companies with revenue >= $20M,Industrials,20000000,inf,553,HDBSCAN,0,,,,,,,1.0,20.0,10.0
industrials_revenue_20m,Industrials companies with revenue >= $20M,Industrials,20000000,inf,553,HDBSCAN,0,,,,,,,1.0,20.0,15.0
industrials_revenue_20m,Industrials companies with revenue >= $20M,Industrials,20000000,inf,553,HDBSCAN,0,,,,,,,1.0,25.0,5.0
industrials_revenue_20m,Industrials companies with revenue >= $20M,Industrials,20000000,inf,553,HDBSCAN,0,,,,,,,1.0,25.0,10.0
industrials_revenue_20m,Industrials companies with revenue >= $20M,Industrials,20000000,inf,553,HDBSCAN,0,,,,,,,1.0,25.0,15.0
consumer_cyclical_revenue_20m,Consumer Cyclical companies with revenue >= $20M,Consumer Cyclical,20000000,inf,460,K-Means,2,0.2622202951003099,1.6555512079659824,140.47549592191905,2880.1826199221623,,,,,
consumer_cyclical_revenue_20m,Consumer Cyclical companies with revenue >= $20M,Consumer Cyclical,20000000,inf,460,K-Means,3,0.2990066860458699,1.3029352878979097,161.4372843569731,2205.425350187658,,,,,
consumer_cyclical_revenue_20m,Consumer Cyclical companies with revenue >= $20M,Consumer Cyclical,20000000,inf,460,K-Means,4,0.2674990201072032,1.3489611962825334,142.62789230673766,1941.648670097703,,,,,
consumer_cyclical_revenue_20m,Consumer Cyclical companies with revenue >= $20M,Consumer Cyclical,20000000,inf,460,K-Means,5,0.23098129825724595,1.3937201718115042,132.48740831721526,1738.5944722216616,,,,,
consumer_cyclical_revenue_20m,Consumer Cyclical companies with revenue >= $20M,Consumer Cyclical,20000000,inf,460,K-Means,6,0.2079127976308546,1.4509576167592861,121.36970521900108,1610.65823045671,,,,,
consumer_cyclical_revenue_20m,Consumer Cyclical companies with revenue >= $20M,Consumer Cyclical,20000000,inf,460,K-Means,7,0.20896002937503047,1.513877150342083,112.43161342711076,1511.9869055353936,,,,,
consumer_cyclical_revenue_20m,Consumer Cyclical companies with revenue >= $20M,Consumer Cyclical,20000000,inf,460,K-Means,8,0.2019193278410816,1.5775875609438663,106.61798890842094,1419.5948047953714,,,,,
consumer_cyclical_revenue_20m,Consumer Cyclical companies with revenue >= $20M,Consumer Cyclical,20000000,inf,460,K-Means,9,0.20743948129709366,1.5099329188435717,100.94763759388273,1348.6406834047207,,,,,
consumer_cyclical_revenue_20m,Consumer Cyclical companies with revenue >= $20M,Consumer Cyclical,20000000,inf,460,K-Means,10,0.18594675167228542,1.5279987253308687,95.49588958401189,1293.3623093974857,,,,,
consumer_cyclical_revenue_20m,Consumer Cyclical companies with revenue >= $20M,Consumer Cyclical,20000000,inf,460,Agglomerative,2,0.2598160536059908,1.7581310599705342,128.97291190715433,,,,,,
consumer_cyclical_revenue_20m,Consumer Cyclical companies with revenue >= $20M,Consumer Cyclical,20000000,inf,460,Agglomerative,3,0.2981069246535754,1.2980933146231843,153.56526305228715,,,,,,
consumer_cyclical_revenue_20m,Consumer Cyclical companies with revenue >= $20M,Consumer Cyclical,20000000,inf,460,Agglomerative,4,0.27430401356558304,1.3018719040516458,132.46006188284042,,,,,,
consumer_cyclical_revenue_20m,Consumer Cyclical companies with revenue >= $20M,Consumer Cyclical,20000000,inf,460,Agglomerative,5,0.2289955299653804,1.3054224051533854,119.87453496413329,,,,,,
consumer_cyclical_revenue_20m,Consumer Cyclical companies with revenue >= $20M,Consumer Cyclical,20000000,inf,460,Agglomerative,6,0.1969218661808212,1.571928274601446,107.52183878325253,,,,,,
consumer_cyclical_revenue_20m,Consumer Cyclical companies with revenue >= $20M,Consumer Cyclical,20000000,inf,460,Agglomerative,7,0.19143519617295526,1.72448994655844,98.77163619262704,,,,,,
consumer_cyclical_revenue_20m,Consumer Cyclical companies with revenue >= $20M,Consumer Cyclical,20000000,inf,460,Agglomerative,8,0.1826526092257344,1.5840401656697936,92.35491945091255,,,,,,
consumer_cyclical_revenue_20m,Consumer Cyclical companies with revenue >= $20M,Consumer Cyclical,20000000,inf,460,Agglomerative,9,0.19068474624646492,1.4581076840450458,87.59338969495542,,,,,,
consumer_cyclical_revenue_20m,Consumer Cyclical companies with revenue >= $20M,Consumer Cyclical,20000000,inf,460,Agglomerative,10,0.1843340985732388,1.4473370714559657,83.86750897958616,,,,,,
consumer_cyclical_revenue_20m,Consumer Cyclical companies with revenue >= $20M,Consumer Cyclical,20000000,inf,460,Gaussian Mixture,2,0.23216509619573242,1.802876793938721,118.7644971766451,,8246.465663807168,8614.144821371168,,,
consumer_cyclical_revenue_20m,Consumer Cyclical companies with revenue >= $20M,Consumer Cyclical,20000000,inf,460,Gaussian Mixture,3,0.2502245383035706,1.650529900842236,117.89162126748191,,7935.093534296884,8488.677883887625,,,
consumer_cyclical_revenue_20m,Consumer Cyclical companies with revenue >= $20M,Consumer Cyclical,20000000,inf,460,Gaussian Mixture,4,0.16006972826431987,1.6573690977783533,125.68851998296644,,7677.97591818345,8417.465459800933,,,
consumer_cyclical_revenue_20m,Consumer Cyclical companies with revenue >= $20M,Consumer Cyclical,20000000,inf,460,Gaussian Mixture,5,0.16181986339395885,1.6924941347622469,113.66566107947513,,7464.830645123039,8390.225378767263,,,
consumer_cyclical_revenue_20m,Consumer Cyclical companies with revenue >= $20M,Consumer Cyclical,20000000,inf,460,Gaussian Mixture,6,0.1613175461770756,1.611487003052039,103.18597996741589,,7256.186955930399,8367.486881601364,,,
consumer_cyclical_revenue_20m,Consumer Cyclical companies with revenue >= $20M,Consumer Cyclical,20000000,inf,460,Gaussian Mixture,7,0.1543466493586075,1.7545793608716005,92.89797633682187,,7129.595266062941,8426.800383760647,,,
consumer_cyclical_revenue_20m,Consumer Cyclical companies with revenue >= $20M,Consumer Cyclical,20000000,inf,460,Gaussian Mixture,8,0.13361926784141462,1.6394175428350606,81.90398750901319,,7001.2107310933425,8484.321040817791,,,
consumer_cyclical_revenue_20m,Consumer Cyclical companies with revenue >= $20M,Consumer Cyclical,20000000,inf,460,Gaussian Mixture,9,0.1581589287012679,1.5628671412467532,79.30209247741817,,6836.508665454486,8505.524167205675,,,
consumer_cyclical_revenue_20m,Consumer Cyclical companies with revenue >= $20M,Consumer Cyclical,20000000,inf,460,Gaussian Mixture,10,0.17876604616230687,1.5619977503040388,81.37798628176476,,6850.579970300296,8705.500664078227,,,
consumer_cyclical_revenue_20m,Consumer Cyclical companies with revenue >= $20M,Consumer Cyclical,20000000,inf,460,HDBSCAN,3,0.3791946024846536,0.7696932304227532,64.72955010561199,,,,0.18695652173913044,10.0,5.0
consumer_cyclical_revenue_20m,Consumer Cyclical companies with revenue >= $20M,Consumer Cyclical,20000000,inf,460,HDBSCAN,2,0.3961715691114782,0.7558037425216261,50.1359502016497,,,,0.1782608695652174,10.0,10.0
consumer_cyclical_revenue_20m,Consumer Cyclical companies with revenue >= $20M,Consumer Cyclical,20000000,inf,460,HDBSCAN,0,,,,,,,1.0,10.0,15.0
consumer_cyclical_revenue_20m,Consumer Cyclical companies with revenue >= $20M,Consumer Cyclical,20000000,inf,460,HDBSCAN,2,0.39641314285989787,0.8584694873667803,63.58651068012205,,,,0.13695652173913042,15.0,5.0
consumer_cyclical_revenue_20m,Consumer Cyclical companies with revenue >= $20M,Consumer Cyclical,20000000,inf,460,HDBSCAN,0,,,,,,,1.0,15.0,10.0
consumer_cyclical_revenue_20m,Consumer Cyclical companies with revenue >= $20M,Consumer Cyclical,20000000,inf,460,HDBSCAN,0,,,,,,,1.0,15.0,15.0
consumer_cyclical_revenue_20m,Consumer Cyclical companies with revenue >= $20M,Consumer Cyclical,20000000,inf,460,HDBSCAN,2,0.36049055070104336,1.081957645491987,78.01526740077993,,,,0.5521739130434783,20.0,5.0
consumer_cyclical_revenue_20m,Consumer Cyclical companies with revenue >= $20M,Consumer Cyclical,20000000,inf,460,HDBSCAN,0,,,,,,,1.0,20.0,10.0
consumer_cyclical_revenue_20m,Consumer Cyclical companies with revenue >= $20M,Consumer Cyclical,20000000,inf,460,HDBSCAN,0,,,,,,,1.0,20.0,15.0
consumer_cyclical_revenue_20m,Consumer Cyclical companies with revenue >= $20M,Consumer Cyclical,20000000,inf,460,HDBSCAN,2,0.36049055070104336,1.081957645491987,78.01526740077993,,,,0.5521739130434783,25.0,5.0
consumer_cyclical_revenue_20m,Consumer Cyclical companies with revenue >= $20M,Consumer Cyclical,20000000,inf,460,HDBSCAN,0,,,,,,,1.0,25.0,10.0
consumer_cyclical_revenue_20m,Consumer Cyclical companies with revenue >= $20M,Consumer Cyclical,20000000,inf,460,HDBSCAN,0,,,,,,,1.0,25.0,15.0
non_financial_large_cap_revenue_1b,Non-financial companies with revenue >= $1B,"Technology, Healthcare, Industrials, Consumer Cyclical, Consumer Defensive, Energy, Utilities, Basic Materials, Communication Services, Real Estate",1000000000,inf,1645,K-Means,2,0.5093809169370611,0.8600492749997476,790.1283693687243,12449.40796658615,,,,,
non_financial_large_cap_revenue_1b,Non-financial companies with revenue >= $1B,"Technology, Healthcare, Industrials, Consumer Cyclical, Consumer Defensive, Energy, Utilities, Basic Materials, Communication Services, Real Estate",1000000000,inf,1645,K-Means,3,0.31425326846577134,1.129718540603155,745.2400388241846,9664.090609810763,,,,,
non_financial_large_cap_revenue_1b,Non-financial companies with revenue >= $1B,"Technology, Healthcare, Industrials, Consumer Cyclical, Consumer Defensive, Energy, Utilities, Basic Materials, Communication Services, Real Estate",1000000000,inf,1645,K-Means,4,0.33138060016707643,1.1058577270734828,748.927593630875,7781.848062856474,,,,,
non_financial_large_cap_revenue_1b,Non-financial companies with revenue >= $1B,"Technology, Healthcare, Industrials, Consumer Cyclical, Consumer Defensive, Energy, Utilities, Basic Materials, Communication Services, Real Estate",1000000000,inf,1645,K-Means,5,0.23997429842477624,1.3858168510394224,668.1699069143575,7010.884441048696,,,,,
non_financial_large_cap_revenue_1b,Non-financial companies with revenue >= $1B,"Technology, Healthcare, Industrials, Consumer Cyclical, Consumer Defensive, Energy, Utilities, Basic Materials, Communication Services, Real Estate",1000000000,inf,1645,K-Means,6,0.22820494646472717,1.4209986197105193,597.3342206482197,6532.514185471119,,,,,
non_financial_large_cap_revenue_1b,Non-financial companies with revenue >= $1B,"Technology, Healthcare, Industrials, Consumer Cyclical, Consumer Defensive, Energy, Utilities, Basic Materials, Communication Services, Real Estate",1000000000,inf,1645,K-Means,7,0.21327673302456096,1.398238312418478,552.6429483137291,6096.0491115623945,,,,,
non_financial_large_cap_revenue_1b,Non-financial companies with revenue >= $1B,"Technology, Healthcare, Industrials, Consumer Cyclical, Consumer Defensive, Energy, Utilities, Basic Materials, Communication Services, Real Estate",1000000000,inf,1645,K-Means,8,0.2068393278464364,1.4661741752581618,513.8934571712273,5765.93878360962,,,,,
non_financial_large_cap_revenue_1b,Non-financial companies with revenue >= $1B,"Technology, Healthcare, Industrials, Consumer Cyclical, Consumer Defensive, Energy, Utilities, Basic Materials, Communication Services, Real Estate",1000000000,inf,1645,K-Means,9,0.1969831630932937,1.4762779010677403,482.3294959094152,5489.345076599941,,,,,
non_financial_large_cap_revenue_1b,Non-financial companies with revenue >= $1B,"Technology, Healthcare, Industrials, Consumer Cyclical, Consumer Defensive, Energy, Utilities, Basic Materials, Communication Services, Real Estate",1000000000,inf,1645,K-Means,10,0.192964845699659,1.4823106676235485,458.9278433642026,5228.3926226408985,,,,,
non_financial_large_cap_revenue_1b,Non-financial companies with revenue >= $1B,"Technology, Healthcare, Industrials, Consumer Cyclical, Consumer Defensive, Energy, Utilities, Basic Materials, Communication Services, Real Estate",1000000000,inf,1645,Agglomerative,2,0.44668499841657683,1.0908660518360551,704.9224617681382,,,,,,
non_financial_large_cap_revenue_1b,Non-financial companies with revenue >= $1B,"Technology, Healthcare, Industrials, Consumer Cyclical, Consumer Defensive, Energy, Utilities, Basic Materials, Communication Services, Real Estate",1000000000,inf,1645,Agglomerative,3,0.2970002419454903,1.1547153033430464,651.4955841981549,,,,,,
non_financial_large_cap_revenue_1b,Non-financial companies with revenue >= $1B,"Technology, Healthcare, Industrials, Consumer Cyclical, Consumer Defensive, Energy, Utilities, Basic Materials, Communication Services, Real Estate",1000000000,inf,1645,Agglomerative,4,0.30917685225658464,1.0818742255901153,623.3696430799866,,,,,,
non_financial_large_cap_revenue_1b,Non-financial companies with revenue >= $1B,"Technology, Healthcare, Industrials, Consumer Cyclical, Consumer Defensive, Energy, Utilities, Basic Materials, Communication Services, Real Estate",1000000000,inf,1645,Agglomerative,5,0.3063667454202227,1.2594666750699723,579.4443198132235,,,,,,
non_financial_large_cap_revenue_1b,Non-financial companies with revenue >= $1B,"Technology, Healthcare, Industrials, Consumer Cyclical, Consumer Defensive, Energy, Utilities, Basic Materials, Communication Services, Real Estate",1000000000,inf,1645,Agglomerative,6,0.19775155660866606,1.5166393483027425,535.152198494473,,,,,,
non_financial_large_cap_revenue_1b,Non-financial companies with revenue >= $1B,"Technology, Healthcare, Industrials, Consumer Cyclical, Consumer Defensive, Energy, Utilities, Basic Materials, Communication Services, Real Estate",1000000000,inf,1645,Agglomerative,7,0.17624121384019475,1.5168481109219285,493.3931619273767,,,,,,
non_financial_large_cap_revenue_1b,Non-financial companies with revenue >= $1B,"Technology, Healthcare, Industrials, Consumer Cyclical, Consumer Defensive, Energy, Utilities, Basic Materials, Communication Services, Real Estate",1000000000,inf,1645,Agglomerative,8,0.16814282738329353,1.569661813215907,455.67559141829867,,,,,,
non_financial_large_cap_revenue_1b,Non-financial companies with revenue >= $1B,"Technology, Healthcare, Industrials, Consumer Cyclical, Consumer Defensive, Energy, Utilities, Basic Materials, Communication Services, Real Estate",1000000000,inf,1645,Agglomerative,9,0.1679696391694621,1.5606849597487606,426.46753599361847,,,,,,
non_financial_large_cap_revenue_1b,Non-financial companies with revenue >= $1B,"Technology, Healthcare, Industrials, Consumer Cyclical, Consumer Defensive, Energy, Utilities, Basic Materials, Communication Services, Real Estate",1000000000,inf,1645,Agglomerative,10,0.1595279996244108,1.575040493536908,401.93007974677096,,,,,,
non_financial_large_cap_revenue_1b,Non-financial companies with revenue >= $1B,"Technology, Healthcare, Industrials, Consumer Cyclical, Consumer Defensive, Energy, Utilities, Basic Materials, Communication Services, Real Estate",1000000000,inf,1645,Gaussian Mixture,2,0.20728035693670116,2.12884301297546,309.3473848082998,,31167.83303227601,31648.92214630076,,,
non_financial_large_cap_revenue_1b,Non-financial companies with revenue >= $1B,"Technology, Healthcare, Industrials, Consumer Cyclical, Consumer Defensive, Energy, Utilities, Basic Materials, Communication Services, Real Estate",1000000000,inf,1645,Gaussian Mixture,3,0.07473079150458839,1.9613382135434854,232.72690656639642,,29130.179690572088,29854.516109440818,,,
non_financial_large_cap_revenue_1b,Non-financial companies with revenue >= $1B,"Technology, Healthcare, Industrials, Consumer Cyclical, Consumer Defensive, Energy, Utilities, Basic Materials, Communication Services, Real Estate",1000000000,inf,1645,Gaussian Mixture,4,0.1835277003798598,1.5242495191333765,352.50536817803567,,27698.287429705833,28665.87115341854,,,
non_financial_large_cap_revenue_1b,Non-financial companies with revenue >= $1B,"Technology, Healthcare, Industrials, Consumer Cyclical, Consumer Defensive, Energy, Utilities, Basic Materials, Communication Services, Real Estate",1000000000,inf,1645,Gaussian Mixture,5,0.15119093226857913,1.5257629041629746,386.96649756885404,,26503.75695783541,27714.58798639209,,,
non_financial_large_cap_revenue_1b,Non-financial companies with revenue >= $1B,"Technology, Healthcare, Industrials, Consumer Cyclical, Consumer Defensive, Energy, Utilities, Basic Materials, Communication Services, Real Estate",1000000000,inf,1645,Gaussian Mixture,6,0.14553108737802772,1.5969322682851121,409.2509595185009,,25359.21676488594,26813.2950982866,,,
non_financial_large_cap_revenue_1b,Non-financial companies with revenue >= $1B,"Technology, Healthcare, Industrials, Consumer Cyclical, Consumer Defensive, Energy, Utilities, Basic Materials, Communication Services, Real Estate",1000000000,inf,1645,Gaussian Mixture,7,0.14482896038582485,1.58942742592392,373.65673848780364,,24778.572237410226,26475.89787565486,,,
non_financial_large_cap_revenue_1b,Non-financial companies with revenue >= $1B,"Technology, Healthcare, Industrials, Consumer Cyclical, Consumer Defensive, Energy, Utilities, Basic Materials, Communication Services, Real Estate",1000000000,inf,1645,Gaussian Mixture,8,0.1353293168845576,1.601513559469271,337.88954938670554,,24418.48650406822,26359.05944715683,,,
non_financial_large_cap_revenue_1b,Non-financial companies with revenue >= $1B,"Technology, Healthcare, Industrials, Consumer Cyclical, Consumer Defensive, Energy, Utilities, Basic Materials, Communication Services, Real Estate",1000000000,inf,1645,Gaussian Mixture,9,0.10242732483036421,1.6919606590795573,306.2266249714455,,23877.40745040154,26061.22769833413,,,
non_financial_large_cap_revenue_1b,Non-financial companies with revenue >= $1B,"Technology, Healthcare, Industrials, Consumer Cyclical, Consumer Defensive, Energy, Utilities, Basic Materials, Communication Services, Real Estate",1000000000,inf,1645,Gaussian Mixture,10,0.12104500371122237,1.8378893232075577,289.3740223395822,,22978.990868746805,25406.05842152337,,,
non_financial_large_cap_revenue_1b,Non-financial companies with revenue >= $1B,"Technology, Healthcare, Industrials, Consumer Cyclical, Consumer Defensive, Energy, Utilities, Basic Materials, Communication Services, Real Estate",1000000000,inf,1645,HDBSCAN,2,0.578039272219399,0.5973196010514114,494.0547622851901,,,,0.09848024316109423,10.0,5.0
non_financial_large_cap_revenue_1b,Non-financial companies with revenue >= $1B,"Technology, Healthcare, Industrials, Consumer Cyclical, Consumer Defensive, Energy, Utilities, Basic Materials, Communication Services, Real Estate",1000000000,inf,1645,HDBSCAN,2,0.5677515123817829,0.5852087901486506,462.3224304494289,,,,0.08024316109422493,10.0,10.0
non_financial_large_cap_revenue_1b,Non-financial companies with revenue >= $1B,"Technology, Healthcare, Industrials, Consumer Cyclical, Consumer Defensive, Energy, Utilities, Basic Materials, Communication Services, Real Estate",1000000000,inf,1645,HDBSCAN,2,0.5736510819993315,0.5828342736128606,473.16453920540124,,,,0.08875379939209727,10.0,15.0
non_financial_large_cap_revenue_1b,Non-financial companies with revenue >= $1B,"Technology, Healthcare, Industrials, Consumer Cyclical, Consumer Defensive, Energy, Utilities, Basic Materials, Communication Services, Real Estate",1000000000,inf,1645,HDBSCAN,2,0.578039272219399,0.5973196010514114,494.0547622851901,,,,0.09848024316109423,15.0,5.0
non_financial_large_cap_revenue_1b,Non-financial companies with revenue >= $1B,"Technology, Healthcare, Industrials, Consumer Cyclical, Consumer Defensive, Energy, Utilities, Basic Materials, Communication Services, Real Estate",1000000000,inf,1645,HDBSCAN,2,0.5677515123817829,0.5852087901486506,462.3224304494289,,,,0.08024316109422493,15.0,10.0
non_financial_large_cap_revenue_1b,Non-financial companies with revenue >= $1B,"Technology, Healthcare, Industrials, Consumer Cyclical, Consumer Defensive, Energy, Utilities, Basic Materials, Communication Services, Real Estate",1000000000,inf,1645,HDBSCAN,2,0.5736510819993315,0.5828342736128606,473.16453920540124,,,,0.08875379939209727,15.0,15.0
non_financial_large_cap_revenue_1b,Non-financial companies with revenue >= $1B,"Technology, Healthcare, Industrials, Consumer Cyclical, Consumer Defensive, Energy, Utilities, Basic Materials, Communication Services, Real Estate",1000000000,inf,1645,HDBSCAN,2,0.578039272219399,0.5973196010514114,494.0547622851901,,,,0.09848024316109423,20.0,5.0
non_financial_large_cap_revenue_1b,Non-financial companies with revenue >= $1B,"Technology, Healthcare, Industrials, Consumer Cyclical, Consumer Defensive, Energy, Utilities, Basic Materials, Communication Services, Real Estate",1000000000,inf,1645,HDBSCAN,2,0.5677515123817829,0.5852087901486506,462.3224304494289,,,,0.08024316109422493,20.0,10.0
non_financial_large_cap_revenue_1b,Non-financial companies with revenue >= $1B,"Technology, Healthcare, Industrials, Consumer Cyclical, Consumer Defensive, Energy, Utilities, Basic Materials, Communication Services, Real Estate",1000000000,inf,1645,HDBSCAN,2,0.5736510819993315,0.5828342736128606,473.16453920540124,,,,0.08875379939209727,20.0,15.0
non_financial_large_cap_revenue_1b,Non-financial companies with revenue >= $1B,"Technology, Healthcare, Industrials, Consumer Cyclical, Consumer Defensive, Energy, Utilities, Basic Materials, Communication Services, Real Estate",1000000000,inf,1645,HDBSCAN,2,0.578039272219399,0.5973196010514114,494.0547622851901,,,,0.09848024316109423,25.0,5.0
non_financial_large_cap_revenue_1b,Non-financial companies with revenue >= $1B,"Technology, Healthcare, Industrials, Consumer Cyclical, Consumer Defensive, Energy, Utilities, Basic Materials, Communication Services, Real Estate",1000000000,inf,1645,HDBSCAN,2,0.5677515123817829,0.5852087901486506,462.3224304494289,,,,0.08024316109422493,25.0,10.0
non_financial_large_cap_revenue_1b,Non-financial companies with revenue >= $1B,"Technology, Healthcare, Industrials, Consumer Cyclical, Consumer Defensive, Energy, Utilities, Basic Materials, Communication Services, Real Estate",1000000000,inf,1645,HDBSCAN,2,0.5736510819993315,0.5828342736128606,473.16453920540124,,,,0.08875379939209727,25.0,15.0
